26400472, 55678796, 35072240, 73928459, 67421224
22516921, 77278209, 1950122, 7958616, 66284235
31645515, 52019630, 22949863, 49824924, 71572677
48643845, 4212874, 72139871, 24759484, 70828091
77971272, 96033760, 48422064, 59110486, 74268824
71006664, 3280086, 53868705, 49479897, 38565636
93826092, 18785875, 49987755, 15679705, 21288030
6507754, 80845996, 11354816, 99949025, 70238711
99883846, 40898544, 75760384, 33150184, 76123062
12277435, 78175806, 80231883, 3167756, 25183554
25102604, 46118132, 80401648, 10750792, 36805553
39178191, 40799857, 74490850, 27232459, 32037818
17295554, 77539988, 57004120, 28592499, 75175709
39089145, 75253742, 93661119, 56572166, 82537560
40354006, 60620410, 15293668, 84172019, 38816560
44029483, 95679397, 65889585, 83897319, 55571200
96527943, 44175686, 9619182, 39448063, 55234376
64525812, 89273781, 68644141, 96799212, 88184548
8879765, 2800659, 10489257, 85518127, 59730075
60038089, 20707805, 31694484, 93870288, 69485736
51764103, 45143940, 95255762, 55954864, 18590107
23786119, 22287645, 6829661, 11035460, 14812842
50738629, 23256024, 30424984, 85664078, 91494594
36803033, 18438083, 74714278, 54443437, 49749623
96331988, 95601638, 3939309, 59445111, 1380219
45122274, 6887393, 81721275, 29455185, 7830822
65286228, 87966836, 24957200, 84427052, 84263735
22700509, 27321728, 51935868, 35017604, 70748461
14893875, 5220373, 68273617, 14989175, 51197441
52279602, 36160571, 47299163, 96238047, 88619404
20521510, 34656314, 19358432, 44914272, 23933283
79305834, 85334127, 10846102, 97287210, 82147909
4130537, 79083762, 5300771, 33984601, 12795863
96201128, 35200983, 6642749, 82731454, 87013738
64585831, 13702457, 60052497, 25153523, 53157006
12183320, 84490988, 90155474, 47314870, 6604064
5982020, 78021583, 20174584, 19422114, 64570887
22958182, 56023866, 88059083, 64993039, 28048223
77183507, 69678091, 66907924, 11445790, 24831193
56699043, 87373426, 79581925, 59697098, 42473570
24034236, 37414568, 39640577, 52299722, 4884172
86538822, 10980786, 53429223, 23791643, 60910968
1053662, 69793321, 50752160, 50063683, 54195553
10298219, 67925640, 26703008, 70169127, 81610829
43509165, 86782964, 42815654, 39522370, 50299726
46238995, 29502141, 58381866, 51419501, 24699688
98005025, 41855816, 40790049, 12029716, 99625152
15963241, 22723044, 87155728, 60190687, 23439436
35517418, 88320357, 23027889, 42665436, 83461949
38839036, 90733709, 97621976, 59758003, 18196158
27203261, 61662267, 14186486, 34533333, 74688347
86449226, 46060535, 72679328, 63273442, 15773146
63540014, 50171228, 86684277, 96039316, 24521447
8190507, 63089958, 15384260, 21808758, 1022917
75894868, 72308220, 90349616, 69250343, 30571287
28528100, 21042529, 17102382, 57403474, 11186347
24460487, 72595333, 88578747, 29815116, 4134953
42908853, 17409017, 28108168, 36958900, 10668077
32099463, 20820123, 60583944, 28053403, 31906596
8875957, 83437667, 89591221, 31088610, 95569270
54066138, 81588512, 26643276, 4823442, 8323902
79070200, 62246757, 75205652, 81361826, 43722342
85174583, 37724517, 47754211, 35226826, 63375749
6022268, 7914766, 66899862, 85362271, 21911719
91138197, 37705806, 44166295, 23000822, 84881250
10969329, 18314060, 17646594, 39236489, 29085338
63897265, 36959685, 35840334, 28749550, 98753832
1617756, 87819104, 14648210, 59416113, 50911753
40402050, 9383476, 8737184, 74802226, 41199203
96835007, 30884587, 23399047, 85566085, 99758889
6920257, 38067513, 59025336, 70253385, 45979850
4626770, 98155338, 83346647, 71479058, 41577198
62247408, 25363935, 84999041, 81934688, 46637806
79073042, 93703147, 94350535, 82993394, 29513221
6499650, 94004986, 48189962, 7932782, 65827902
78414838, 8400170, 79169969, 63047947, 74385288
27904613, 79665151, 9066235, 48500515, 78030423
48730587, 35048438, 65766474, 6049500, 72169408
59144882, 97539774, 14294274, 79856845, 46436840
2868928, 91166548, 41314005, 28887939, 40084285
55255878, 84339897, 1960647, 2526488, 63587671
56508321, 96621484, 6824338, 63143759, 10329222
72505358, 831097, 97039851, 63817229, 9510222
25368025, 8858557, 29985801, 72521427, 54559232
89296552, 35897557, 59734316, 37690757, 15765775
49014206, 86272219, 77515433, 88707139, 61058190
81900184, 74592760, 95171456, 44522041, 89735787
52783165, 91127928, 24676997, 36318454, 37679413
43461954, 51931562, 35591722, 61994246, 93559091
29749045, 27546187, 20834699, 29257170, 54973007
13440810, 84995539, 44711588, 15414547, 56627244
95496063, 13953765, 93350629, 7133780, 87646170
20726585, 66853466, 53969660, 91877087, 88361338
27131882, 30711281, 99066435, 69546553, 65044673
26113109, 26455550, 73754290, 31202130, 29158179
90633449, 84422027, 16145105, 71865387, 40579332
98546278, 65304088, 88759473, 81565001, 8163360
21964566, 14454607, 41268539, 78228722, 80460918
75967597, 67912379, 77526989, 60706779, 56732265
33873098, 91769679, 58636539, 30016791, 51271356