seed,condition,tau,nitems,npersons,insample,aic,bic,newpersons,newitems,newboth,failures,model
683271349,1,0,32,500,19258.91986029585,19276.91986029585,19346.04295630685,19276.42107946881,19267.39558765662,19285.33967884882,0,3
384967170,2,.1,32,500,19349.64784717054,19367.64784717054,19436.77094318154,19389.28226615811,19376.03871548787,19373.42463177997,0,3
269605067,3,.3,32,500,19523.36408894224,19541.36408894224,19610.48718495323,19544.49476068511,19717.64774789185,19743.02320385598,0,3
696077072,4,.5,32,500,19532.75792227377,19550.75792227377,19619.88101828477,19548.22662106752,19983.26066707141,20021.74364581177,0,3
719802800,5,.3,64,500,38039.10653276923,38057.10653276923,38132.46795340526,38057.09425694646,38099.773399038,38098.27361132237,0,3
243159633,6,.3,96,500,57479.79353693353,57497.79353693353,57576.80414354254,57485.22474601358,57498.24229434592,57511.68990276116,0,3
158629328,7,.3,128,500,74854.41501246861,74872.41501246861,74954.01475772969,74863.40998520602,74894.50867291357,74900.12851846519,0,3
746585689,1,0,32,500,18961.69815079271,18979.69815079271,19048.82124680371,18975.52563359678,18981.36403384016,18975.05473904406,0,3
308650354,2,.1,32,500,19222.1438721261,19240.1438721261,19309.2669681371,19249.54483726843,19247.10713996306,19252.29456966869,0,3
465712767,3,.3,32,500,19348.52094791928,19366.52094791928,19435.64404393028,19357.22572431791,19433.27144012024,19480.96940912121,0,3
418208823,4,.5,32,500,19444.86328957198,19462.86328957198,19531.98638558298,19464.96326760444,19657.42005548252,19653.25086620719,0,3
325797690,5,.3,64,500,38005.0352372274,38023.0352372274,38098.39665786344,38028.39699535194,38099.15928513639,38111.14671711306,0,3
356976881,6,.3,96,500,56548.00164917977,56566.00164917977,56645.01225578878,56563.8386005362,56646.29530787724,56691.20207362042,0,3
107104809,7,.3,128,500,74072.90092646853,74090.90092646853,74172.50067172961,74090.46060689472,74170.28957843766,74212.87130469209,0,3
178168725,1,0,32,500,19248.27690709249,19266.27690709249,19335.40000310349,19258.59381667974,19260.57702218815,19271.43114827774,0,3
971355130,2,.1,32,500,19264.69570554332,19282.69570554332,19351.81880155432,19275.53491407081,19285.72028258117,19286.11732173657,0,3
873885304,3,.3,32,500,19518.11429478265,19536.11429478265,19605.23739079365,19530.88087707212,19555.00706568534,19593.11591112964,0,3
510004866,4,.5,32,500,19232.38861203306,19250.38861203306,19319.51170804405,19245.23679015051,19410.03235430626,19417.04789340504,0,3
921149168,5,.3,64,500,37953.1681057698,37971.1681057698,38046.52952640584,37978.38806712617,38102.62135600628,38097.96625896775,0,3
932472937,6,.3,96,500,57287.23507191084,57305.23507191084,57384.24567851985,57302.0534408441,57331.49943880285,57346.44759777036,0,3
379487488,7,.3,128,500,75590.22926350338,75608.22926350338,75689.82900876446,75599.1087875315,75670.24498702541,75695.60751534731,0,3
915520143,1,0,32,500,19597.14076942479,19615.14076942479,19684.26386543578,19609.78668689938,19609.15052677502,19615.99144461068,0,3
127714468,2,.1,32,500,19460.12486617631,19478.12486617631,19547.24796218731,19477.45749113822,19463.61127362671,19478.79451940903,0,3
958608893,3,.3,32,500,19526.69434303407,19544.69434303407,19613.81743904507,19549.84819452026,19595.1205923483,19648.36521894494,0,3
55049326,4,.5,32,500,19316.63648226855,19334.63648226855,19403.75957827954,19332.9007556135,19645.67402219349,19661.69786036779,0,3
849867525,5,.3,64,500,38447.56553800559,38465.56553800559,38540.92695864163,38475.43830534304,38484.70625264713,38513.49266593596,0,3
627423225,6,.3,96,500,56986.67201151961,57004.67201151961,57083.68261812862,57009.78513183411,57134.64489762359,57092.71503190439,0,3
721038039,7,.3,128,500,76281.77126672585,76299.77126672585,76381.37101198692,76295.39215023255,76445.96111180763,76418.43229114365,0,3
768199620,1,0,32,500,19089.13943967102,19107.13943967102,19176.26253568202,19100.69597478431,19094.33418184162,19102.83690467421,0,3
353591753,2,.1,32,500,19354.42455921353,19372.42455921353,19441.54765522453,19372.48745093062,19362.00354491563,19376.45238876755,0,3
999138998,3,.3,32,500,19362.52713134248,19380.52713134248,19449.65022735348,19372.61324466189,19397.52536628525,19418.26734349105,0,3
994871013,4,.5,32,500,18954.5327324629,18972.5327324629,19041.65582847389,18983.74044164249,19525.73339801073,19435.52012717519,0,3
910918347,5,.3,64,500,38539.55454301234,38557.55454301234,38632.91596364838,38547.05423593945,38670.17905201663,38655.43736362238,0,3
913505301,6,.3,96,500,56704.70592508539,56722.70592508539,56801.71653169439,56726.92595889694,56878.64116118187,56842.21649813946,0,3
473398499,7,.3,128,500,74676.83013532637,74694.83013532637,74776.42988058744,74691.11969269456,74782.92348493107,74766.00916810743,0,3
24063714,1,0,32,500,19041.1556888349,19059.1556888349,19128.27878484589,19055.5386919252,19058.33420624741,19064.29433089435,0,3
509177642,2,.1,32,500,19360.95348325078,19378.95348325078,19448.07657926178,19380.87435729443,19372.64171153134,19387.13710306491,0,3
562375054,3,.3,32,500,19650.06605245728,19668.06605245728,19737.18914846828,19655.23068587581,19701.7353411883,19712.74342283119,0,3
209351018,4,.5,32,500,18756.11179018589,18774.11179018589,18843.23488619688,18773.39910167008,18936.79438961557,18933.10225221269,0,3
370924342,5,.3,64,500,37917.9934060519,37935.9934060519,38011.35482668794,37946.83399852024,38093.78049438708,38044.9670604218,0,3
856598049,6,.3,96,500,57133.48608491397,57151.48608491397,57230.49669152297,57142.50627679552,57153.61892096386,57158.48523555544,0,3
521276679,7,.3,128,500,75244.20709365438,75262.20709365438,75343.80683891545,75277.57543991935,75312.16942131036,75327.82354066108,0,3
128445793,1,0,32,500,19255.87143414652,19273.87143414652,19342.99453015751,19270.45628010173,19274.83792936139,19277.07218614723,0,3
395661808,2,.1,32,500,19198.34912582809,19216.34912582809,19285.47222183909,19214.78587208775,19220.42538190507,19223.5572659287,0,3
357152735,3,.3,32,500,19220.48556498431,19238.48556498431,19307.60866099531,19244.02641073525,19365.41516584776,19362.2152822181,0,3
717246377,4,.5,32,500,19385.63611176332,19403.63611176332,19472.75920777432,19395.79512491465,19689.68353780435,19659.73563073892,0,3
192778442,5,.3,64,500,37491.98577450585,37509.98577450585,37585.34719514188,37509.4323933104,37614.53794947163,37593.54181221787,0,3
906101261,6,.3,96,500,56341.98991771272,56359.98991771272,56439.00052432173,56353.41441791102,56411.96540559379,56440.85206571956,0,3
260427614,7,.3,128,500,74809.36496444058,74827.36496444058,74908.96470970166,74825.67191924037,74959.79236331697,74972.9349701622,0,3
362334600,1,0,32,500,19045.11625709497,19063.11625709497,19132.23935310597,19057.67274600153,19049.85928862678,19066.71526833992,0,3
657370476,2,.1,32,500,19391.73688309077,19409.73688309077,19478.85997910176,19413.06763034414,19412.45387508278,19419.24382991029,0,3
130994203,3,.3,32,500,19615.87392940556,19633.87392940556,19702.99702541656,19637.04898418626,19639.68606799916,19673.7779430568,0,3
946162,4,.5,32,500,19739.11655041567,19757.11655041567,19826.23964642667,19749.3423488598,20121.90271785164,20186.53244255901,0,3
511141070,5,.3,64,500,38427.8368344743,38445.8368344743,38521.19825511034,38442.95940807209,38442.26456116889,38461.62089518712,0,3
998576462,6,.3,96,500,56366.85806887204,56384.85806887204,56463.86867548105,56388.8889522602,56442.95270760873,56459.92898400817,0,3
714585974,7,.3,128,500,74754.67657459536,74772.67657459536,74854.27631985644,74781.74371855182,74836.73929944537,74853.72622873267,0,3
418093158,1,0,32,500,19424.49811194759,19442.49811194759,19511.62120795859,19433.86438698466,19429.5418268342,19429.46655820612,0,3
880085546,2,.1,32,500,19359.27958413284,19377.27958413284,19446.40268014383,19366.22020298262,19366.981352142,19370.47768245843,0,3
68245506,3,.3,32,500,19415.76561956275,19433.76561956275,19502.88871557375,19434.35925835971,19499.78864461877,19498.54916539823,0,3
299934127,4,.5,32,500,18917.6617259299,18935.6617259299,19004.7848219409,18942.19291086406,19191.02435078018,19261.1638579642,0,3
159820992,5,.3,64,500,38179.0738320703,38197.0738320703,38272.43525270634,38203.85073652671,38326.31056508471,38296.16158797378,0,3
506522272,6,.3,96,500,56750.06067868264,56768.06067868264,56847.07128529165,56758.09035651835,56888.32096982189,56884.02179139212,0,3
434768858,7,.3,128,500,76134.21468003781,76152.21468003781,76233.81442529889,76149.84076831258,76231.11294169285,76235.0270306423,0,3
248192620,1,0,32,500,19371.90843671715,19389.90843671715,19459.03153272815,19390.89861865322,19385.37393705997,19395.35135281517,0,3
983053660,2,.1,32,500,19703.29436824148,19721.29436824148,19790.41746425247,19710.51190399174,19723.45562544619,19733.89383511221,0,3
509468115,3,.3,32,500,19408.28449548822,19426.28449548822,19495.40759149922,19419.22567942615,19540.59930544546,19497.58199960772,0,3
874064079,4,.5,32,500,19618.86975352651,19636.86975352651,19705.99284953751,19626.38857483796,20171.876349841,20169.72520421756,0,3
70480621,5,.3,64,500,37914.93655368026,37932.93655368026,38008.29797431629,37928.16614351537,38005.24587968,38024.26146337125,0,3
590776289,6,.3,96,500,56594.16964005691,56612.16964005691,56691.18024666591,56616.25759025496,56633.0385880644,56630.83993505379,0,3
421812546,7,.3,128,500,75833.50124417064,75851.50124417064,75933.10098943171,75862.78697199345,75930.46360551227,75950.58201196161,0,3
542571368,1,0,32,500,19216.62110012071,19234.62110012071,19303.74419613171,19227.50973728354,19225.44104115311,19235.3180809498,0,3
562722196,2,.1,32,500,19443.54813900593,19461.54813900593,19530.67123501693,19460.21222387351,19456.88574613241,19463.84828067095,0,3
178532682,3,.3,32,500,19456.22013545649,19474.22013545649,19543.34323146749,19471.47120531169,19536.3860430412,19560.60423628456,0,3
77837026,4,.5,32,500,19529.69010829346,19547.69010829346,19616.81320430445,19538.00324322413,19851.74502142228,19901.77222992764,0,3
825979037,5,.3,64,500,38434.61514240351,38452.61514240351,38527.97656303955,38460.33360832859,38691.5735876184,38726.68149749396,0,3
858497759,6,.3,96,500,56669.14779993719,56687.14779993719,56766.1584065462,56686.96769432638,56702.97096501351,56725.61821596799,0,3
694337720,7,.3,128,500,74907.857162078,74925.857162078,75007.45690733907,74924.66152400216,75017.97172729163,74955.34633830127,0,3
678707577,1,0,32,500,19326.29872871347,19344.29872871347,19413.42182472447,19347.6740507198,19335.80477906522,19343.70346909681,0,3
708636434,2,.1,32,500,19507.18957049375,19525.18957049375,19594.31266650475,19513.28091972292,19518.63970311155,19518.09587160366,0,3
932043238,3,.3,32,500,19374.82066990651,19392.82066990651,19461.94376591751,19392.67542648118,19584.91214206232,19563.30033743319,0,3
92994743,4,.5,32,500,19224.10072273073,19242.10072273073,19311.22381874172,19245.69833398687,19590.50268427742,19573.25451654735,0,3
823504543,5,.3,64,500,37823.39706659234,37841.39706659234,37916.75848722838,37849.42633783852,37867.82431671982,37893.44704777157,0,3
510088051,6,.3,96,500,57844.4766597147,57862.4766597147,57941.4872663237,57847.69144031064,57960.55390250599,57964.52198938554,0,3
143934082,7,.3,128,500,75746.41770430378,75764.41770430378,75846.01744956485,75755.74929672916,75922.93835555963,75956.94961222234,0,3
699209468,1,0,32,500,19394.95962615585,19412.95962615585,19482.08272216685,19409.50926514139,19408.16814160935,19408.7445862168,0,3
908675130,2,.1,32,500,19327.23276111428,19345.23276111428,19414.35585712528,19339.23316540064,19355.00847057781,19368.07096645782,0,3
698858871,3,.3,32,500,19030.25115921344,19048.25115921344,19117.37425522444,19048.95651138252,19097.53919382275,19094.82252343849,0,3
150528942,4,.5,32,500,19648.78440515071,19666.78440515071,19735.90750116171,19675.03422397341,19744.07995646149,19702.4148254603,0,3
767908903,5,.3,64,500,37587.30804083469,37605.30804083469,37680.66946147072,37599.47484631916,37670.05624533692,37698.57735374554,0,3
609695996,6,.3,96,500,56087.7714470058,56105.7714470058,56184.78205361481,56104.02796373467,56185.96227192243,56144.37739501107,0,3
222003257,7,.3,128,500,75874.54184851375,75892.54184851375,75974.14159377482,75889.04946168508,75979.49582495667,75966.56580165465,0,3
213836524,1,0,32,500,19132.74540716571,19150.74540716571,19219.86850317671,19156.05441619835,19158.00584190679,19148.51450945189,0,3
594190977,2,.1,32,500,19478.37854033485,19496.37854033485,19565.50163634585,19489.0865627893,19484.82748425992,19485.64985342114,0,3
373140063,3,.3,32,500,19025.59249956094,19043.59249956094,19112.71559557193,19035.8483954307,19105.20027115672,19172.79157002013,0,3
915073570,4,.5,32,500,19487.91318461932,19505.91318461932,19575.03628063032,19498.51363594197,19635.59108101531,19632.21595189223,0,3
493682024,5,.3,64,500,37920.88628086846,37938.88628086846,38014.2477015045,37929.94380695771,38287.19735043577,38286.33483078909,0,3
668724736,6,.3,96,500,56445.19712016169,56463.19712016169,56542.2077267707,56456.44855823727,56534.30219107805,56543.0579418852,0,3
950545883,7,.3,128,500,75568.65792581471,75586.65792581471,75668.25767107579,75575.39790387164,75698.62617951236,75653.28271100923,0,3
538512117,1,0,32,500,19262.56141595984,19280.56141595984,19349.68451197084,19272.14150861531,19280.87318874098,19276.26089750476,0,3
223991903,2,.1,32,500,19189.26580248537,19207.26580248537,19276.38889849637,19203.59439725199,19225.25528651985,19215.67394727342,0,3
839088897,3,.3,32,500,19356.03413605522,19374.03413605522,19443.15723206622,19366.8728299651,19398.99335895823,19425.52508796,0,3
489151365,4,.5,32,500,19519.64127952904,19537.64127952904,19606.76437554004,19540.09229370264,19603.22921229959,19660.38086303922,0,3
543288263,5,.3,64,500,37910.36670182995,37928.36670182995,38003.72812246598,37928.01444590319,38101.05025254445,38039.09810095308,0,3
626671909,6,.3,96,500,56580.67255192657,56598.67255192657,56677.68315853558,56588.94354502127,56593.97384760362,56611.47848993469,0,3
707883303,7,.3,128,500,75172.41775289587,75190.41775289587,75272.01749815694,75199.55525198292,75226.50970055327,75233.32495734784,0,3
741449873,1,0,32,500,19355.33539249744,19373.33539249744,19442.45848850843,19372.64042957393,19363.14645965801,19372.27266903087,0,3
956765452,2,.1,32,500,19431.63411201064,19449.63411201064,19518.75720802164,19456.8744802295,19512.6816678743,19506.32169321098,0,3
471517124,3,.3,32,500,19133.47823653805,19151.47823653805,19220.60133254905,19142.65940483412,19240.91048369767,19279.12207135131,0,3
743050451,4,.5,32,500,19125.13777815757,19143.13777815757,19212.26087416857,19144.65972531708,19220.06765301245,19231.40788094681,0,3
802430084,5,.3,64,500,38170.21161149848,38188.21161149848,38263.57303213452,38181.99784466196,38341.63682956891,38257.05992041469,0,3
480681092,6,.3,96,500,55740.75386920542,55758.75386920542,55837.76447581443,55751.63947492722,56104.71450535934,56051.40848953022,0,3
948721696,7,.3,128,500,75524.03142504323,75542.03142504323,75623.6311703043,75536.78061491651,75596.0385885513,75634.00001717429,0,3
392307080,1,0,32,500,19440.80075750098,19458.80075750098,19527.92385351197,19446.92810440353,19451.43206438157,19446.33523994003,0,3
154923517,2,.1,32,500,19604.03350027817,19622.03350027817,19691.15659628916,19618.5040513106,19648.11591075758,19642.05761444095,0,3
453072323,3,.3,32,500,19279.26982608153,19297.26982608153,19366.39292209252,19332.37091004766,19424.29686318881,19431.08588584832,0,3
900919284,4,.5,32,500,19578.92442608721,19596.92442608721,19666.04752209821,19603.01818910937,19868.51788482614,19839.46056258736,0,3
662057025,5,.3,64,500,38213.78189126041,38231.78189126041,38307.14331189645,38223.62798406019,38285.13488845859,38364.33481539525,0,3
307326432,6,.3,96,500,56667.03139997214,56685.03139997214,56764.04200658115,56676.85153498295,56686.10758357433,56681.30209655179,0,3
138986309,7,.3,128,500,75353.59372205335,75371.59372205335,75453.19346731443,75371.22316483896,75437.28368885189,75455.37322688985,0,3
224509549,1,0,32,500,19473.77709337155,19491.77709337155,19560.90018938255,19480.50687497684,19479.91261494285,19488.24141236686,0,3
680657932,2,.1,32,500,19494.93585724166,19512.93585724166,19582.05895325266,19504.21264600064,19507.47853979994,19517.66991339498,0,3
883987624,3,.3,32,500,19220.78083827153,19238.78083827153,19307.90393428253,19229.13008958642,19317.23520023994,19349.36023902059,0,3
356236221,4,.5,32,500,19360.55552998337,19378.55552998337,19447.67862599437,19377.10134878716,20020.48795361139,19955.27982423483,0,3
382331638,5,.3,64,500,38182.61002660396,38200.61002660396,38275.97144723999,38197.72296505594,38189.23505601826,38191.49549090229,0,3
226011833,6,.3,96,500,57072.07374350031,57090.07374350031,57169.08435010932,57084.91386545743,57138.6213762259,57127.73674155651,0,3
98321853,7,.3,128,500,75492.47495344265,75510.47495344265,75592.07469870373,75510.08695594434,75583.32013313152,75601.80422518918,0,3
503311555,1,0,32,500,19354.4843353669,19372.4843353669,19441.60743137789,19374.08041234882,19365.17934205499,19371.76023045573,0,3
796148499,2,.1,32,500,19316.52488431261,19334.52488431261,19403.64798032361,19335.86878321398,19332.48839829217,19342.12241984633,0,3
365277522,3,.3,32,500,19038.62512776443,19056.62512776443,19125.74822377543,19061.13325830871,19091.7963107849,19097.17672753446,0,3
414454277,4,.5,32,500,19756.17322304464,19774.17322304464,19843.29631905564,19772.50927080345,19904.03027898103,19896.8504268528,0,3
79130602,5,.3,64,500,38380.50964252402,38398.50964252402,38473.87106316006,38388.85663367665,38497.14263511747,38522.79180409644,0,3
206135433,6,.3,96,500,57337.61269616527,57355.61269616527,57434.62330277428,57355.30001811731,57444.57834554542,57440.16876981522,0,3
622805368,7,.3,128,500,74929.01291464514,74947.01291464514,75028.61265990621,74948.25210250437,75092.25136642718,75042.31427156928,0,3
881408970,1,0,32,500,19231.80302146363,19249.80302146363,19318.92611747463,19237.21169647385,19238.48348915247,19241.90497509335,0,3
136485707,2,.1,32,500,19251.96959527483,19269.96959527483,19339.09269128583,19272.21354723295,19263.3845145307,19277.49705901175,0,3
41262222,3,.3,32,500,19266.12695262862,19284.12695262862,19353.25004863962,19300.79604864736,19302.23049390078,19340.11284090794,0,3
352576241,4,.5,32,500,19564.42804404847,19582.42804404847,19651.55114005947,19571.67367407402,19710.64852509309,19732.11874140765,0,3
228238525,5,.3,64,500,38027.84014714389,38045.84014714389,38121.20156777992,38053.43736740275,38069.62903631271,38123.96771991181,0,3
34195095,6,.3,96,500,56480.24550661055,56498.24550661055,56577.25611321956,56489.70689466204,56648.78410562295,56626.05636383061,0,3
32552192,7,.3,128,500,74437.98591572602,74455.98591572602,74537.5856609871,74443.82616265144,74518.2003903344,74562.83841344289,0,3
21902312,1,0,32,500,19469.10648087029,19487.10648087029,19556.22957688129,19487.49091224479,19475.42728330733,19485.84094738258,0,3
799895001,2,.1,32,500,19256.86360696203,19274.86360696203,19343.98670297303,19262.70286223499,19272.12208194215,19273.17220472059,0,3
79073876,3,.3,32,500,19228.50671758973,19246.50671758973,19315.62981360073,19251.28856477226,19345.91650478547,19329.04917891817,0,3
78764353,4,.5,32,500,19286.63179607011,19304.63179607011,19373.75489208111,19302.35571939168,19671.04349627697,19693.65787758893,0,3
183725089,5,.3,64,500,38160.26644837869,38178.26644837869,38253.62786901473,38178.134523609,38353.49866852279,38331.80494828703,0,3
769587065,6,.3,96,500,57093.5947927454,57111.5947927454,57190.60539935441,57107.76104725089,57186.67112547235,57147.48516702787,0,3
555022648,7,.3,128,500,76345.77695286469,76363.77695286469,76445.37669812577,76354.8620691728,76512.38314651774,76495.47167192824,0,3
920669520,1,0,32,500,19330.42543446892,19348.42543446892,19417.54853047992,19351.1012396532,19343.52355573744,19349.73083553974,0,3
176168070,2,.1,32,500,19329.72914198126,19347.72914198126,19416.85223799225,19339.21424743687,19355.9817483224,19365.53446052306,0,3
223792045,3,.3,32,500,19437.64455646015,19455.64455646015,19524.76765247115,19470.20072138068,19476.51100275243,19561.52960365452,0,3
685769291,4,.5,32,500,19259.70856584938,19277.70856584938,19346.83166186038,19280.51375457956,19451.83651364406,19467.97512782895,0,3
924591713,5,.3,64,500,38395.31773222335,38413.31773222335,38488.67915285939,38403.80724786687,38447.8318015863,38428.2017672994,0,3
241129885,6,.3,96,500,57263.50755896364,57281.50755896364,57360.51816557265,57287.52871887808,57376.89630455452,57365.12721681591,0,3
596041445,7,.3,128,500,76668.03133384336,76686.03133384336,76767.63107910444,76679.60557415475,76753.99948409182,76802.00773924397,0,3
489202151,1,0,32,500,19517.63822762938,19535.63822762938,19604.76132364038,19546.27412813373,19538.85002560715,19543.47255438411,0,3
960066254,2,.1,32,500,19244.72062331266,19262.72062331266,19331.84371932365,19258.15076630622,19265.55524692917,19256.88230448642,0,3
702726072,3,.3,32,500,19464.88963138701,19482.88963138701,19552.012727398,19481.59191460987,19615.28354263272,19615.68666084265,0,3
211073125,4,.5,32,500,19941.22227266974,19959.22227266974,20028.34536868073,19968.99961111545,20133.54307382586,20117.83158873078,0,3
748377579,5,.3,64,500,37642.7180508254,37660.7180508254,37736.07947146143,37659.71955533877,37715.10598486419,37692.06435143459,0,3
790636463,6,.3,96,500,55784.6584381971,55802.6584381971,55881.66904480611,55795.5135784462,55909.61304377103,55912.72698768951,0,3
798895030,7,.3,128,500,75783.81855193675,75801.81855193675,75883.41829719783,75799.36049516877,75907.90153161228,75926.28016188325,0,3
842271747,1,0,32,500,19389.86407913451,19407.86407913451,19476.98717514551,19396.29062263922,19398.22481572412,19392.62086675153,0,3
722461033,2,.1,32,500,19398.82531721632,19416.82531721632,19485.94841322732,19430.43076639618,19408.67735416848,19433.04618673006,0,3
121044651,3,.3,32,500,19490.3746244035,19508.3746244035,19577.4977204145,19505.10423497249,19507.93581569778,19517.38488289364,0,3
665580720,4,.5,32,500,19459.12193675823,19477.12193675823,19546.24503276923,19466.70896470633,19752.54138207638,19665.87446437242,0,3
960112090,5,.3,64,500,38372.59535543326,38390.59535543326,38465.9567760693,38381.42366267832,38495.69241316195,38563.7508730008,0,3
184430355,6,.3,96,500,56588.92379058897,56606.92379058897,56685.93439719798,56599.75107403454,56600.6679315212,56621.05208609192,0,3
780608886,7,.3,128,500,74163.16286869033,74181.16286869033,74262.7626139514,74186.19773100583,74236.97450394945,74217.20069897249,0,3
762096242,1,0,32,500,19348.16933346864,19366.16933346864,19435.29242947963,19357.99320185426,19352.26086415197,19352.66866488445,0,3
2912265,2,.1,32,500,19367.38588289519,19385.38588289519,19454.50897890619,19379.19081562837,19395.96686566996,19385.07783942479,0,3
819715151,3,.3,32,500,19389.54219906141,19407.54219906141,19476.66529507241,19401.94919265617,19453.71455221466,19423.05100744965,0,3
860535964,4,.5,32,500,19628.27472140457,19646.27472140457,19715.39781741557,19633.9743489753,19946.57291954842,20004.00467352237,0,3
794013689,5,.3,64,500,37649.2605081291,37667.2605081291,37742.62192876513,37667.26472516169,37717.46645168024,37696.3076643498,0,3
450208238,6,.3,96,500,56824.94313056455,56842.94313056455,56921.95373717356,56839.93025550645,56903.40080467772,56905.80402643162,0,3
793953696,7,.3,128,500,75025.03007080227,75043.03007080227,75124.62981606335,75030.53251082751,75112.39130602208,75101.97088355217,0,3
991022719,1,0,32,500,19032.06212893026,19050.06212893026,19119.18522494126,19056.1423321989,19035.63663342952,19055.55027517729,0,3
336447769,2,.1,32,500,19685.56796722363,19703.56796722363,19772.69106323463,19696.89273967692,19721.91075474932,19717.56175852975,0,3
196824756,3,.3,32,500,19760.67073083055,19778.67073083055,19847.79382684155,19780.00812783902,19801.88030495974,19846.68554332747,0,3
257264629,4,.5,32,500,19885.79007996556,19903.79007996556,19972.91317597656,19908.07774466374,19924.50439663127,19949.48978355866,0,3
803568540,5,.3,64,500,38823.61932723264,38841.61932723264,38916.98074786868,38843.95791733197,38979.35680791856,38967.32641626493,0,3
108178955,6,.3,96,500,57349.96074429135,57367.96074429135,57446.97135090036,57356.21246418338,57443.479859195,57429.24872128456,0,3
525776986,7,.3,128,500,75380.13666474934,75398.13666474934,75479.73641001042,75396.12136737348,75444.81958801186,75434.834928692,0,3
540425457,1,0,32,500,19449.3530274293,19467.3530274293,19536.4761234403,19463.53560717013,19462.29990746073,19465.04692575827,0,3
402245197,2,.1,32,500,19348.69079478869,19366.69079478869,19435.81389079969,19355.92444805257,19358.15518427958,19354.30998538373,0,3
138681830,3,.3,32,500,19329.42788343679,19347.42788343679,19416.55097944779,19340.60174866413,19455.3493242578,19418.61534779472,0,3
547012589,4,.5,32,500,19354.81747836021,19372.81747836021,19441.94057437121,19371.28985455655,19400.31081990997,19410.11203953969,0,3
200927978,5,.3,64,500,38434.09725636632,38452.09725636632,38527.45867700236,38448.41245275858,38500.31816909804,38526.02076726017,0,3
650164541,6,.3,96,500,56946.81616897952,56964.81616897952,57043.82677558853,56961.38701783653,57022.73057036579,57020.4780860871,0,3
690203706,7,.3,128,500,74835.76299349191,74853.76299349191,74935.36273875299,74846.46588306571,74996.56630860429,74958.68557766096,0,3
162019451,1,0,32,500,19262.702078656,19280.702078656,19349.82517466699,19277.34518014994,19271.55354003847,19272.16182101474,0,3
720479445,2,.1,32,500,19600.98021705345,19618.98021705345,19688.10331306445,19624.35371326388,19635.4589285208,19640.48537105551,0,3
50227052,3,.3,32,500,19316.15331839544,19334.15331839544,19403.27641440644,19362.34478529184,19390.74784338113,19383.38190674465,0,3
414942110,4,.5,32,500,19210.78942553983,19228.78942553983,19297.91252155083,19229.53617759897,19284.32273360633,19289.69825051508,0,3
74566286,5,.3,64,500,38048.35573204731,38066.35573204731,38141.71715268334,38076.34050838662,38145.83664635923,38156.34848964519,0,3
354497991,6,.3,96,500,57150.28446853666,57168.28446853666,57247.29507514567,57183.65217513035,57234.95989161637,57231.53157364718,0,3
228431827,7,.3,128,500,75048.24150386875,75066.24150386875,75147.84124912982,75053.71775476127,75106.7315985258,75147.13657335198,0,3
963948967,1,0,32,500,19281.42582543103,19299.42582543103,19368.54892144203,19310.43677799609,19293.88472908091,19294.42967708685,0,3
112779852,2,.1,32,500,19202.28851521389,19220.28851521389,19289.41161122489,19212.75906929209,19214.01880514757,19207.66662030705,0,3
987307113,3,.3,32,500,19210.67723516778,19228.67723516778,19297.80033117878,19228.91240332327,19290.40946153256,19322.41900230647,0,3
44818178,4,.5,32,500,19742.67356053671,19760.67356053671,19829.7966565477,19761.36189872111,19982.15778906483,19967.63100922664,0,3
198235781,5,.3,64,500,37959.78611234023,37977.78611234023,38053.14753297627,37975.88715362398,37988.90991639887,38041.10072129072,0,3
794052932,6,.3,96,500,57289.33521348439,57307.33521348439,57386.3458200934,57325.30062653206,57391.26222442251,57435.92806337217,0,3
396516330,7,.3,128,500,74385.10925604198,74403.10925604198,74484.70900130305,74396.4557218345,74421.56985316808,74449.74564488964,0,3
231272349,1,0,32,500,19776.98549422497,19794.98549422497,19864.10859023596,19794.71122573333,19789.4187096844,19792.00395955077,0,3
719934075,2,.1,32,500,19267.16185778302,19285.16185778302,19354.28495379402,19290.29855673991,19294.9126301462,19299.79955826173,0,3
359354702,3,.3,32,500,19184.77056339058,19202.77056339058,19271.89365940158,19196.30782662716,19224.54651120618,19229.68492643661,0,3
704289324,4,.5,32,500,19515.05956347967,19533.05956347967,19602.18265949067,19523.38095724481,19621.46235088035,19579.22588046616,0,3
74795288,5,.3,64,500,37725.0980996143,37743.0980996143,37818.45952025033,37763.71580628322,37887.70397807359,37921.13236860636,0,3
953270553,6,.3,96,500,57510.23725086461,57528.23725086461,57607.24785747362,57532.04172281698,57654.19371160217,57700.88796197235,0,3
820836146,7,.3,128,500,76657.92032680876,76675.92032680876,76757.52007206983,76678.20159189894,76699.55398429773,76706.96247051891,0,3
690940300,1,0,32,500,19577.31778241668,19595.31778241668,19664.44087842768,19594.1767675064,19585.59507074123,19584.70343641562,0,3
780502225,2,.1,32,500,19342.17668816658,19360.17668816658,19429.29978417758,19371.11647317644,19371.63085085432,19365.68692939487,0,3
191798084,3,.3,32,500,19321.66883217308,19339.66883217308,19408.79192818407,19353.40951480033,19362.74504382674,19379.91256774768,0,3
580677476,4,.5,32,500,19102.04909891208,19120.04909891208,19189.17219492308,19117.26551557215,19235.89874610437,19255.74049361943,0,3
756155075,5,.3,64,500,37681.97241159242,37699.97241159242,37775.33383222845,37697.48070280439,37760.90430451382,37759.18828057963,0,3
933802177,6,.3,96,500,56813.11172985718,56831.11172985718,56910.12233646619,56829.22433800664,56896.95441205656,56864.02683888681,0,3
86042771,7,.3,128,500,76904.71429941517,76922.71429941517,77004.31404467624,76922.99785279841,77060.45924782683,77074.22948306089,0,3
111273076,1,0,32,500,19253.06131952821,19271.06131952821,19340.18441553921,19273.12545779113,19258.0778085707,19269.37192871826,0,3
390412897,2,.1,32,500,19279.81114544293,19297.81114544293,19366.93424145393,19313.95811096426,19310.17711164318,19336.42690523655,0,3
948919547,3,.3,32,500,19063.19226106896,19081.19226106896,19150.31535707996,19094.97926555745,19187.44158448771,19178.91513764337,0,3
179001336,4,.5,32,500,19038.5004126193,19056.5004126193,19125.6235086303,19055.78809891198,19446.83700196817,19479.95538054864,0,3
389782376,5,.3,64,500,38115.402786648,38133.402786648,38208.76420728404,38131.28752658567,38161.85263292577,38167.01145961047,0,3
780078453,6,.3,96,500,57607.98903329116,57625.98903329116,57704.99963990017,57624.05934533569,57671.91787138717,57680.14138079905,0,3
680112706,7,.3,128,500,75669.17412073199,75687.17412073199,75768.77386599306,75680.32219992769,75739.74729075492,75765.48696565724,0,3
909197548,1,0,32,500,19197.51176060461,19215.51176060461,19284.63485661561,19218.38929913184,19227.86945486357,19203.37757708389,0,3
736937638,2,.1,32,500,19577.30799551402,19595.30799551402,19664.43109152502,19595.58233953755,19607.16851335908,19631.41240820351,0,3
669142548,3,.3,32,500,19411.99066712762,19429.99066712762,19499.11376313862,19431.4521541255,19516.16695075256,19515.80289746534,0,3
723068709,4,.5,32,500,19599.55823678118,19617.55823678118,19686.68133279218,19625.4297758446,19813.77478698829,19847.12185198579,0,3
991623010,5,.3,64,500,38109.4612416145,38127.4612416145,38202.82266225053,38118.45673296778,38148.48684714292,38133.95524671405,0,3
658546790,6,.3,96,500,56883.87832910624,56901.87832910624,56980.88893571524,56897.13719187197,56926.41861676653,56935.47267363955,0,3
154559876,7,.3,128,500,75026.65892793467,75044.65892793467,75126.25867319574,75037.72748928526,75067.33584528386,75063.48339752831,0,3
562715892,1,0,32,500,19211.07344511255,19229.07344511255,19298.19654112354,19224.9709031082,19223.04100206648,19221.25743021923,0,3
436071221,2,.1,32,500,19469.59364367225,19487.59364367225,19556.71673968325,19504.99119921546,19493.80933696635,19487.32658670328,0,3
155598955,3,.3,32,500,19607.11794518957,19625.11794518957,19694.24104120057,19617.46100079919,19637.87853307532,19643.06993861634,0,3
493972970,4,.5,32,500,19520.3858705568,19538.3858705568,19607.5089665678,19534.04152351927,19911.42800866153,19903.50182874803,0,3
415163286,5,.3,64,500,37896.5777958649,37914.5777958649,37989.93921650093,37918.42593740844,38034.0536596082,38038.17274040444,0,3
56638157,6,.3,96,500,56892.63355738077,56910.63355738077,56989.64416398978,56901.77990718436,56969.81738837797,56977.12189342073,0,3
810596642,7,.3,128,500,74650.78931982427,74668.78931982427,74750.38906508534,74667.60688196789,74798.06474327938,74791.25618594074,0,3
981816578,1,0,32,500,19197.39385939487,19215.39385939487,19284.51695540586,19215.54561238086,19203.38761271577,19211.21231443639,0,3
278207744,2,.1,32,500,19299.0310102527,19317.0310102527,19386.1541062637,19319.81820978651,19324.72655020405,19319.83845946161,0,3
35093310,3,.3,32,500,19614.66780131001,19632.66780131001,19701.79089732101,19629.33807726795,19653.71463320267,19663.51170387526,0,3
26040970,4,.5,32,500,19386.15005721086,19404.15005721086,19473.27315322186,19404.2520080416,19797.17244310066,19783.15335845221,0,3
511205112,5,.3,64,500,38115.59536568293,38133.59536568293,38208.95678631897,38132.25926566031,38187.92790432246,38192.31751279219,0,3
305754758,6,.3,96,500,57394.4021852606,57412.4021852606,57491.4127918696,57415.36707804669,57522.44711969201,57589.58834555034,0,3
34376783,7,.3,128,500,76132.2996127642,76150.2996127642,76231.89935802527,76141.68382788826,76237.80446758037,76259.49031281936,0,3
230869870,1,0,32,500,18976.16445529447,18994.16445529447,19063.28755130547,18992.83661316203,18982.5842934749,18992.04181234577,0,3
404676848,2,.1,32,500,19213.07015975735,19231.07015975735,19300.19325576835,19234.55641530855,19221.21422208269,19240.19191501685,0,3
696462488,3,.3,32,500,19666.43805021769,19684.43805021769,19753.56114622869,19689.8439870953,19697.99873717559,19705.67215065583,0,3
509383906,4,.5,32,500,19989.51155699935,20007.51155699935,20076.63465301035,20008.39617371976,20023.1178854103,20021.84449587835,0,3
880379270,5,.3,64,500,38330.81515708449,38348.81515708449,38424.17657772053,38342.90898900684,38478.19075687462,38461.57048867623,0,3
196485257,6,.3,96,500,56724.15191372596,56742.15191372596,56821.16252033497,56745.05040759977,56822.91678239412,56807.35486124294,0,3
884943480,7,.3,128,500,74730.91699950241,74748.91699950241,74830.51674476349,74743.27019007296,74802.15289520011,74842.88172456878,0,3
202545738,1,0,32,500,19353.19782244974,19371.19782244974,19440.32091846074,19370.04458813051,19376.64554751181,19369.26969445929,0,3
449294962,2,.1,32,500,19560.13248373939,19578.13248373939,19647.25557975039,19578.26815770727,19609.82917603997,19590.90879924454,0,3
652752505,3,.3,32,500,19499.6129466536,19517.6129466536,19586.73604266459,19522.52380332145,19548.77752465232,19559.06138168753,0,3
917223952,4,.5,32,500,19672.85992745039,19690.85992745039,19759.98302346139,19689.69089798459,19816.36816445016,19784.93194207324,0,3
477599272,5,.3,64,500,38241.30924880911,38259.30924880911,38334.67066944514,38260.02184894139,38298.64218208843,38322.84939148848,0,3
697454745,6,.3,96,500,57119.91892091049,57137.91892091049,57216.9295275195,57133.68761900181,57202.57832148994,57218.75113954694,0,3
180345040,7,.3,128,500,76239.74179225847,76257.74179225847,76339.34153751955,76264.32144206874,76323.31613796741,76315.95693852246,0,3
719593894,1,0,32,500,19029.15489325006,19047.15489325006,19116.27798926105,19048.33795733164,19038.06703893956,19051.41876281565,0,3
937129017,2,.1,32,500,19539.01089442276,19557.01089442276,19626.13399043376,19559.31175805867,19545.02129515023,19561.73961471073,0,3
1594831,3,.3,32,500,19468.81830282994,19486.81830282994,19555.94139884094,19496.65461599161,19568.70614864068,19607.21119804032,0,3
917208256,4,.5,32,500,19126.46049484347,19144.46049484347,19213.58359085447,19149.71116958508,19358.79640526152,19339.2416457079,0,3
162981483,5,.3,64,500,37654.76628921267,37672.76628921267,37748.1277098487,37676.4940711319,37745.35544782255,37806.14265685314,0,3
705166674,6,.3,96,500,56844.83349004776,56862.83349004776,56941.84409665677,56857.49115840018,56970.65976362437,56986.14737706057,0,3
545314463,7,.3,128,500,75258.53649255335,75276.53649255335,75358.13623781443,75283.25838588426,75507.42835046542,75505.33874135607,0,3
444382904,1,0,32,500,19499.09484791624,19517.09484791624,19586.21794392723,19501.81314277191,19508.00309778162,19505.03239783657,0,3
688304236,2,.1,32,500,19433.86275224941,19451.86275224941,19520.9858482604,19441.7786967058,19460.71806765275,19459.76207460404,0,3
978677755,3,.3,32,500,19475.22461821437,19493.22461821437,19562.34771422537,19505.00189469311,19558.3943303912,19562.71035004909,0,3
128219560,4,.5,32,500,19350.47902331987,19368.47902331987,19437.60211933087,19365.84969974387,19857.56420304521,19865.44969026245,0,3
940751607,5,.3,64,500,38145.02058340718,38163.02058340718,38238.38200404321,38160.79801502186,38248.689406675,38252.30892842401,0,3
36579790,6,.3,96,500,57033.37576027496,57051.37576027496,57130.38636688397,57046.27886145288,57081.47714000071,57113.5542254106,0,3
179106511,7,.3,128,500,75272.27623044312,75290.27623044312,75371.8759757042,75295.41064283614,75335.98647210936,75328.37250671347,0,3
500692184,1,0,32,500,19410.83040745712,19428.83040745712,19497.95350346811,19417.96585382441,19422.71062413156,19417.1580418435,0,3
645968557,2,.1,32,500,19174.24155773142,19192.24155773142,19261.36465374242,19197.5991844129,19209.8679308101,19215.8522041451,0,3
849216696,3,.3,32,500,19616.91152834181,19634.91152834181,19704.0346243528,19633.54642576403,19703.25556029945,19699.51620816435,0,3
346161454,4,.5,32,500,19295.2267169775,19313.2267169775,19382.34981298849,19318.61456602968,19670.12040481768,19744.97832713012,0,3
855336118,5,.3,64,500,38157.44694368082,38175.44694368082,38250.80836431686,38184.06452593984,38302.61760747099,38315.32138723365,0,3
643999224,6,.3,96,500,57456.7525817705,57474.7525817705,57553.76318837951,57469.90624886101,57573.01095533561,57578.7046592859,0,3
672936112,7,.3,128,500,77017.31930256644,77035.31930256644,77116.91904782751,77053.00894955326,77170.9154471208,77117.07668881111,0,3
884230405,1,0,32,500,19238.57061097778,19256.57061097778,19325.69370698878,19250.49009912115,19251.83945127271,19249.46437589005,0,3
492637070,2,.1,32,500,19517.27103863005,19535.27103863005,19604.39413464104,19526.53819212722,19538.53949878698,19536.68556860323,0,3
157838721,3,.3,32,500,19423.31363858608,19441.31363858608,19510.43673459708,19439.71854039062,19604.59480705993,19670.78148216633,0,3
642860778,4,.5,32,500,19592.95948710396,19610.95948710396,19680.08258311496,19609.97153109948,19829.01428548162,19794.34479775872,0,3
991162355,5,.3,64,500,38078.04305055121,38096.04305055121,38171.40447118725,38092.02007186296,38134.70517700622,38114.15068998711,0,3
883539310,6,.3,96,500,56595.05371857942,56613.05371857942,56692.06432518843,56608.19178398707,56728.23957281937,56659.25090910246,0,3
796434372,7,.3,128,500,76878.59538957216,76896.59538957216,76978.19513483324,76899.52232333437,76933.1935491324,76958.40491497181,0,3
803889546,1,0,32,500,19278.86704347625,19296.86704347625,19365.99013948725,19308.11139285672,19292.22425036814,19309.2480048777,0,3
281616237,2,.1,32,500,19312.70051552302,19330.70051552302,19399.82361153402,19326.76261845345,19326.12932984618,19329.75247040153,0,3
548014494,3,.3,32,500,19159.68778042608,19177.68778042608,19246.81087643708,19203.1924634742,19190.49895796453,19189.77187094333,0,3
939310932,4,.5,32,500,19422.44528012474,19440.44528012474,19509.56837613574,19432.80938076359,19563.01996963898,19542.78906556038,0,3
132814179,5,.3,64,500,38205.41373148524,38223.41373148524,38298.77515212128,38241.12334187352,38247.56405663354,38251.85257359075,0,3
536467275,6,.3,96,500,56687.20622183714,56705.20622183714,56784.21682844614,56716.7892763206,56822.42236053004,56778.03392942459,0,3
52621792,7,.3,128,500,75428.2476444221,75446.2476444221,75527.84738968317,75447.15297807239,75447.76390374645,75469.35338785339,0,3
746424424,1,0,32,500,19168.47762546626,19186.47762546626,19255.60072147726,19182.41978538187,19177.08963333776,19185.72964743626,0,3
61942098,2,.1,32,500,18938.13066656533,18956.13066656533,19025.25376257633,18960.23911149661,18944.07167281991,18950.99204786958,0,3
936379427,3,.3,32,500,19422.19022131267,19440.19022131267,19509.31331732367,19442.46093054781,19520.89863160742,19588.53409930083,0,3
198239449,4,.5,32,500,19794.15225455923,19812.15225455923,19881.27535057023,19808.73905994891,20010.95479376878,19978.43840541136,0,3
653694133,5,.3,64,500,38724.29720357075,38742.29720357075,38817.65862420679,38760.22523003376,38809.25758764088,38790.92176587619,0,3
994032395,6,.3,96,500,57002.53386281893,57020.53386281893,57099.54446942794,57016.76632814543,57110.39446411724,57151.00766849568,0,3
884140243,7,.3,128,500,76449.29182280897,76467.29182280897,76548.89156807005,76457.11324380805,76595.10502324651,76591.35477202918,0,3
111744785,1,0,32,500,18948.79929395031,18966.79929395031,19035.9223899613,18962.54214182238,18952.70401377891,18967.59595350111,0,3
478618675,2,.1,32,500,18995.37810154059,19013.37810154059,19082.50119755158,19013.36217185951,19018.6312696897,19015.33544094854,0,3
231716195,3,.3,32,500,19228.10431360326,19246.10431360326,19315.22740961425,19239.15847503621,19454.64232504851,19448.0977972815,0,3
140790706,4,.5,32,500,19235.13685881918,19253.13685881918,19322.25995483017,19253.16057369595,19415.16888367204,19481.45415226262,0,3
707496650,5,.3,64,500,38104.17553841067,38122.17553841067,38197.5369590467,38121.72255834725,38166.67714323534,38173.7817616762,0,3
961459483,6,.3,96,500,57061.65250836653,57079.65250836653,57158.66311497554,57093.55053026024,57155.78534621509,57160.652173356,0,3
791578874,7,.3,128,500,75627.48674143675,75645.48674143675,75727.08648669782,75638.38441196147,75708.74023742011,75701.31184314769,0,3
129783081,1,0,32,500,19181.42803288765,19199.42803288765,19268.55112889865,19189.47734486104,19187.42172728149,19200.5025090328,0,3
28925608,2,.1,32,500,19259.62604756081,19277.62604756081,19346.7491435718,19278.0535596555,19273.93949354212,19277.02912370015,0,3
149591179,3,.3,32,500,19540.13798838496,19558.13798838496,19627.26108439596,19555.01146500222,19777.16940044503,19747.91664581158,0,3
325248244,4,.5,32,500,19775.16190176219,19793.16190176219,19862.28499777319,19790.13950281499,19983.02785781967,19956.40718602336,0,3
149408567,5,.3,64,500,38857.71608683499,38875.71608683499,38951.07750747103,38906.94930141285,38930.05290273734,38972.23015044656,0,3
359392596,6,.3,96,500,57449.94188032813,57467.94188032813,57546.95248693714,57469.5388922342,57635.49359797838,57610.06658502638,0,3
17618493,7,.3,128,500,76650.68461089762,76668.68461089762,76750.28435615869,76668.55390878966,76836.59091157024,76865.67400260986,0,3
276922354,1,0,32,500,19121.32267979755,19139.32267979755,19208.44577580855,19131.06102736687,19130.51875492933,19132.0647054595,0,3
527782353,2,.1,32,500,19212.40979585976,19230.40979585976,19299.53289187075,19231.03392049951,19229.57615908177,19231.99791978036,0,3
976427411,3,.3,32,500,19262.43550248356,19280.43550248356,19349.55859849456,19269.56898714773,19355.59705357966,19347.173164108,0,3
268375626,4,.5,32,500,19635.3702430753,19653.3702430753,19722.4933390863,19644.75461380419,19670.7423432588,19691.51962046334,0,3
183182591,5,.3,64,500,38275.47169449017,38293.47169449017,38368.8331151262,38296.62416767623,38309.40100439627,38314.48008295649,0,3
231413114,6,.3,96,500,56056.74656724817,56074.74656724817,56153.75717385718,56068.43244014027,56091.27520640932,56099.20352144678,0,3
967209765,7,.3,128,500,76948.27516817322,76966.27516817322,77047.87491343429,76963.05567392542,77076.47889131593,77067.58666276159,0,3
300596768,1,0,32,500,19073.04900750287,19091.04900750287,19160.17210351387,19084.1766992294,19080.77633391371,19089.36207041942,0,3
980659899,2,.1,32,500,19216.7638761021,19234.7638761021,19303.8869721131,19247.11355570899,19235.8609901675,19247.16298416114,0,3
687581264,3,.3,32,500,19050.56096326895,19068.56096326895,19137.68405927994,19069.69765181424,19200.3823766213,19281.26227154874,0,3
962573068,4,.5,32,500,19603.37846422978,19621.37846422978,19690.50156024078,19622.84852179225,19834.07320152052,19877.84795589306,0,3
244566848,5,.3,64,500,38635.37067591809,38653.37067591809,38728.73209655412,38654.1374873581,38719.66477814518,38735.80548891131,0,3
996770037,6,.3,96,500,56977.83691716605,56995.83691716605,57074.84752377505,56993.69195231541,57092.35314459063,57099.65101399946,0,3
594217391,7,.3,128,500,75307.12869579492,75325.12869579492,75406.728441056,75314.03921061219,75347.23067839308,75348.71591839714,0,3
288462947,1,0,32,500,19189.57005124731,19207.57005124731,19276.69314725831,19225.93597435641,19208.12148240827,19205.03113461718,0,3
170313784,2,.1,32,500,18981.59909393175,18999.59909393175,19068.72218994274,18992.53189374285,19030.99854259188,19026.4965438616,0,3
448509246,3,.3,32,500,19473.50125485675,19491.50125485675,19560.62435086775,19492.72687620972,19494.83291538915,19518.22572229763,0,3
175698888,4,.5,32,500,19197.19802298584,19215.19802298584,19284.32111899684,19202.50403249857,19338.2415294563,19299.12981569422,0,3
924294,5,.3,64,500,38385.99860253389,38403.99860253389,38479.36002316992,38405.76790153729,38538.29965746421,38537.17312503792,0,3
994109325,6,.3,96,500,56670.34603860605,56688.34603860605,56767.35664521506,56702.90772899707,56690.16314568817,56699.28298767501,0,3
901194568,7,.3,128,500,75260.86120979057,75278.86120979057,75360.46095505165,75273.08751873163,75335.75461587033,75360.14595211078,0,3
978981837,1,0,32,500,19417.68537197583,19435.68537197583,19504.80846798683,19429.67076997917,19432.0819154659,19428.54692545232,0,3
256691347,2,.1,32,500,19424.86839617333,19442.86839617333,19511.99149218433,19468.2435718047,19451.55993945454,19479.5002150927,0,3
538834793,3,.3,32,500,19201.04310489076,19219.04310489076,19288.16620090176,19210.3869273355,19227.63281232818,19248.61789344696,0,3
957625790,4,.5,32,500,19600.57565602986,19618.57565602986,19687.69875204086,19623.24793643459,19780.60419906495,19752.40616714827,0,3
537372731,5,.3,64,500,38665.79265826105,38683.79265826105,38759.15407889708,38687.89434813253,38709.1345844063,38704.46959889001,0,3
807164769,6,.3,96,500,57496.94561361874,57514.94561361874,57593.95622022775,57519.00468729105,57558.39827953243,57572.40220682978,0,3
439099420,7,.3,128,500,74346.11449833315,74364.11449833315,74445.71424359422,74361.11653280976,74495.32295934191,74547.8936838229,0,3
377673014,1,0,32,500,19205.07975552552,19223.07975552552,19292.20285153652,19227.29496197823,19213.22612768507,19226.23986228638,0,3
915438496,2,.1,32,500,19489.99361110603,19507.99361110603,19577.11670711702,19497.48596406625,19514.1746414141,19512.79992475337,0,3
701018472,3,.3,32,500,19446.74128970606,19464.74128970606,19533.86438571706,19455.8746898804,19511.76547074313,19521.10230208192,0,3
824631635,4,.5,32,500,19611.97749373812,19629.97749373812,19699.10058974912,19627.74236795432,19926.44842203595,19899.16156499477,0,3
387906922,5,.3,64,500,38218.89086580017,38236.89086580017,38312.2522864362,38234.16177639536,38312.56666541482,38364.41439212821,0,3
865251076,6,.3,96,500,56931.32299477846,56949.32299477846,57028.33360138747,56960.88998559713,57201.81534765505,57185.63421725509,0,3
170502049,7,.3,128,500,76347.96013553506,76365.96013553506,76447.55988079614,76363.55960584265,76444.23807986862,76446.21776398284,0,3
931731053,1,0,32,500,19325.70156511875,19343.70156511875,19412.82466112974,19343.06113324178,19341.49946787055,19344.74705629023,0,3
581637142,2,.1,32,500,19363.9340365101,19381.9340365101,19451.0571325211,19370.11800004347,19379.43037657374,19376.06967780674,0,3
856345662,3,.3,32,500,19433.50387355335,19451.50387355335,19520.62696956434,19455.52520996281,19993.44912749824,19887.6366646108,0,3
558852890,4,.5,32,500,19485.39028889908,19503.39028889908,19572.51338491008,19500.1996904569,19573.81348422369,19515.48720643218,0,3
68694257,5,.3,64,500,38393.48279044523,38411.48279044523,38486.84421108127,38416.26456482192,38471.68886272058,38450.22263786437,0,3
97916433,6,.3,96,500,57364.1157484277,57382.1157484277,57461.12635503671,57374.28880224206,57387.98483075653,57392.54030390213,0,3
645862381,7,.3,128,500,75766.35495138251,75784.35495138251,75865.95469664359,75782.51720931668,75860.75067244405,75871.94347655373,0,3
127305772,1,0,32,500,19437.92769626861,19455.92769626861,19525.05079227961,19465.51764597461,19455.08790129473,19453.6018725008,0,3
803341027,2,.1,32,500,19632.4897563058,19650.4897563058,19719.6128523168,19646.89253217474,19670.10920228321,19661.27012558171,0,3
463594910,3,.3,32,500,19188.70386822629,19206.70386822629,19275.82696423729,19234.27399638049,19272.13290603745,19279.58238564883,0,3
769245282,4,.5,32,500,19327.22901496265,19345.22901496265,19414.35211097365,19354.77251028312,19672.42455528257,19684.6896420774,0,3
280406376,5,.3,64,500,38184.92872156498,38202.92872156498,38278.29014220101,38204.95185975835,38280.44182474908,38272.36831525264,0,3
147273886,6,.3,96,500,56889.05550957936,56907.05550957936,56986.06611618837,56914.06920160119,56939.84025752646,57005.1741853424,0,3
547723024,7,.3,128,500,74329.46727120457,74347.46727120457,74429.06701646565,74338.28000477327,74407.87557418122,74388.0490875172,0,3
238703384,1,0,32,500,19271.8218659672,19289.8218659672,19358.9449619782,19287.48017505286,19278.0971342704,19285.99053968873,0,3
402730089,2,.1,32,500,19488.5353770946,19506.5353770946,19575.65847310559,19511.22463552572,19532.15044864274,19535.89656614892,0,3
843433000,3,.3,32,500,19361.3894502851,19379.3894502851,19448.5125462961,19382.19898099998,19400.44986595812,19427.04532939517,0,3
41094420,4,.5,32,500,19392.79349157703,19410.79349157703,19479.91658758802,19400.21772891321,19549.19634541778,19555.02667991478,0,3
991116313,5,.3,64,500,37942.15452955898,37960.15452955898,38035.51595019501,37968.24283923535,38004.1222265143,38019.54546416452,0,3
848309575,6,.3,96,500,57189.63788147549,57207.63788147549,57286.6484880845,57219.88739605543,57327.36579682984,57340.28911428707,0,3
614857795,7,.3,128,500,74410.81187144507,74428.81187144507,74510.41161670614,74439.74851387652,74483.68043822175,74493.39619743014,0,3
292237475,1,0,32,500,19240.28120132146,19258.28120132146,19327.40429733245,19255.94687993363,19258.78401666016,19261.25151375387,0,3
364214246,2,.1,32,500,19218.26207727401,19236.26207727401,19305.385173285,19235.28754988989,19237.68281809246,19249.54345004697,0,3
875584283,3,.3,32,500,19584.81617879693,19602.81617879693,19671.93927480793,19615.64383161612,19745.03275413457,19740.25734965616,0,3
941925897,4,.5,32,500,19775.51384460528,19793.51384460528,19862.63694061628,19791.47862706825,19938.15943100945,20004.01669899351,0,3
845017072,5,.3,64,500,38081.90287424294,38099.90287424294,38175.26429487897,38104.46647122304,38218.3219308446,38183.21788926531,0,3
820386222,6,.3,96,500,56956.59617918108,56974.59617918108,57053.60678579009,56982.63529715925,56995.74089148961,56994.6741440695,0,3
885005356,7,.3,128,500,74312.73533324407,74330.73533324407,74412.33507850514,74331.73279014022,74500.50104204315,74518.88618734693,0,3
775304608,1,0,32,500,19269.07810352755,19287.07810352755,19356.20119953855,19276.41376130778,19294.09075859428,19296.53512142958,0,3
434013214,2,.1,32,500,19329.35466341686,19347.35466341686,19416.47775942786,19342.40690827217,19336.2515226519,19343.27518400601,0,3
977490171,3,.3,32,500,19322.43811427078,19340.43811427078,19409.56121028178,19339.02507739147,19501.07817196216,19513.37880787325,0,3
158456978,4,.5,32,500,19880.76386408467,19898.76386408467,19967.88696009566,19899.75141966531,20167.54975018594,20212.28616269485,0,3
476380569,5,.3,64,500,37939.04310193164,37957.04310193164,38032.40452256768,37974.02981613533,38126.57608669269,38127.85957931291,0,3
528298739,6,.3,96,500,57089.02303545253,57107.02303545253,57186.03364206154,57109.49389874584,57163.22274578027,57161.29895219454,0,3
32771011,7,.3,128,500,74406.71015368096,74424.71015368096,74506.30989894204,74427.14115627515,74521.91216174761,74538.21949216255,0,3
589306598,1,0,32,500,19545.91845288987,19563.91845288987,19633.04154890086,19558.06618359911,19556.02664581465,19557.76309472551,0,3
436568239,2,.1,32,500,19222.50849324603,19240.50849324603,19309.63158925703,19227.3067431742,19240.11469446281,19259.05215878072,0,3
820147098,3,.3,32,500,19204.33294760996,19222.33294760996,19291.45604362096,19225.53988086361,19235.14118306765,19249.03050561778,0,3
554391510,4,.5,32,500,19058.08889062477,19076.08889062477,19145.21198663576,19069.89916365048,19490.40067575646,19460.38613612312,0,3
791689266,5,.3,64,500,37845.19002832315,37863.19002832315,37938.55144895919,37851.07151895776,37949.67899664913,38001.98527951634,0,3
760555218,6,.3,96,500,57422.30066822894,57440.30066822894,57519.31127483795,57439.8695380106,57533.66471895372,57516.08615150771,0,3
112592560,7,.3,128,500,75530.32395531338,75548.32395531338,75629.92370057445,75556.28709502812,75624.64023700895,75648.82423698668,0,3
734717757,1,0,32,500,19378.85111707424,19396.85111707424,19465.97421308524,19390.94124839268,19381.72867209773,19390.88652576469,0,3
543964594,2,.1,32,500,19501.33668081343,19519.33668081343,19588.45977682443,19532.48130923019,19535.13453587496,19546.8515550147,0,3
459997186,3,.3,32,500,19478.25594028196,19496.25594028196,19565.37903629295,19496.25800560809,19536.58921151677,19553.04331139759,0,3
531009634,4,.5,32,500,19376.30220344253,19394.30220344253,19463.42529945353,19383.56414782088,19466.35042778212,19514.66786869558,0,3
385973560,5,.3,64,500,38546.47243411811,38564.47243411811,38639.83385475415,38565.94214828379,38618.38268453297,38630.22333650406,0,3
450732665,6,.3,96,500,57252.81726116197,57270.81726116197,57349.82786777098,57263.97309195656,57341.75476251984,57413.13711716482,0,3
565764812,7,.3,128,500,74862.170831695,74880.170831695,74961.77057695607,74878.87900609449,74890.48533626732,74897.23104631106,0,3
762199442,1,0,32,500,19495.59651757694,19513.59651757694,19582.71961358794,19531.57822447995,19503.2951007267,19525.71404238603,0,3
598673126,2,.1,32,500,19185.94680266287,19203.94680266287,19273.06989867386,19205.8962154071,19199.69520441875,19221.71945362973,0,3
781364383,3,.3,32,500,19542.94551001029,19560.94551001029,19630.06860602129,19552.21469919861,19826.23529096729,19851.81896475183,0,3
297740433,4,.5,32,500,19653.023503452,19671.023503452,19740.14659946299,19662.5112377464,19824.41551605158,19810.07608717294,0,3
312961364,5,.3,64,500,37918.11505836674,37936.11505836674,38011.47647900278,37933.74130643058,37997.80553417285,37997.68068442459,0,3
451711305,6,.3,96,500,57462.79415211569,57480.79415211569,57559.8047587247,57472.75127778258,57562.84079074035,57598.06551834518,0,3
273198572,7,.3,128,500,74908.51321047693,74926.51321047693,75008.11295573801,74919.51626339235,74979.31539083396,74966.17926719217,0,3
386695109,1,0,32,500,19573.9362660053,19591.9362660053,19661.0593620163,19594.91749477437,19589.29768258822,19594.67951067893,0,3
960590333,2,.1,32,500,19404.42063793403,19422.42063793403,19491.54373394502,19423.79133718716,19444.71959470067,19446.93843331459,0,3
68507323,3,.3,32,500,19635.22144670077,19653.22144670077,19722.34454271177,19646.48358259034,19796.51033312678,19780.96213796337,0,3
370754692,4,.5,32,500,19440.61776228135,19458.61776228135,19527.74085829235,19473.51082907938,19617.24884358395,19612.77421289232,0,3
83632681,5,.3,64,500,38291.30727538949,38309.30727538949,38384.66869602553,38300.95947315315,38351.73557030217,38342.3876293904,0,3
409129598,6,.3,96,500,56855.17870187775,56873.17870187775,56952.18930848676,56874.66524132877,57095.41726143036,57096.14771308984,0,3
255238781,7,.3,128,500,75606.77412852529,75624.77412852529,75706.37387378636,75623.12833997363,75776.60147330584,75791.13086841766,0,3
887197714,1,0,32,500,19399.64027741027,19417.64027741027,19486.76337342127,19438.62973174222,19432.68072375861,19421.88389992417,0,3
33544098,2,.1,32,500,19644.08475034752,19662.08475034752,19731.20784635852,19661.9939139112,19648.50802732269,19655.20311238536,0,3
14589353,3,.3,32,500,19311.60761461152,19329.60761461152,19398.73071062252,19329.92502854276,19457.48312944097,19463.92225736141,0,3
998648571,4,.5,32,500,19223.04254116699,19241.04254116699,19310.16563717799,19248.21389798306,19337.07215368696,19362.03925608922,0,3
946967317,5,.3,64,500,38198.61419890155,38216.61419890155,38291.97561953759,38208.99387690236,38326.40763353811,38370.40862975727,0,3
190626870,6,.3,96,500,56824.9670912346,56842.9670912346,56921.97769784361,56830.7239960136,56940.79576683147,56950.66749676334,0,3
707443685,7,.3,128,500,74804.01278458563,74822.01278458563,74903.61252984671,74813.75520892999,74899.81751629099,74887.00908273054,0,3
767564165,1,0,32,500,19162.11547080929,19180.11547080929,19249.23856682028,19196.56036154817,19178.6596140135,19191.08569915047,0,3
429952529,2,.1,32,500,19413.00952254912,19431.00952254912,19500.13261856012,19438.00047508598,19427.40312934955,19426.55732825937,0,3
375577735,3,.3,32,500,19215.30116174146,19233.30116174146,19302.42425775245,19223.97619939963,19300.50357330291,19261.6457402154,0,3
286986713,4,.5,32,500,19492.19183366005,19510.19183366005,19579.31492967104,19502.75537257683,19590.16316541685,19590.56031313351,0,3
519963258,5,.3,64,500,38451.8248448588,38469.8248448588,38545.18626549484,38467.12150961484,38479.79142500369,38502.44867835777,0,3
433925533,6,.3,96,500,57031.99032244063,57049.99032244063,57129.00092904964,57053.91782552954,57191.39931429084,57170.99437697201,0,3
251914729,7,.3,128,500,75189.21027921469,75207.21027921469,75288.81002447577,75199.08230922121,75249.54709117186,75272.95762826523,0,3
92892325,1,0,32,500,19215.2258460806,19233.2258460806,19302.3489420916,19232.3504785269,19230.26437559585,19229.58974276114,0,3
364819361,2,.1,32,500,19343.50929209511,19361.50929209511,19430.63238810611,19371.57263425796,19359.73886274767,19382.17261342201,0,3
700413997,3,.3,32,500,19231.49621339484,19249.49621339484,19318.61930940584,19242.99772916075,19347.50880485723,19377.10613328917,0,3
859049370,4,.5,32,500,19974.17022026777,19992.17022026777,20061.29331627876,19983.79971584433,20365.69954734903,20383.14165274486,0,3
912115533,5,.3,64,500,38081.72186522614,38099.72186522614,38175.08328586217,38092.90278842799,38124.1641417034,38133.30397596629,0,3
940531807,6,.3,96,500,55946.1714819104,55964.1714819104,56043.1820885194,55971.11609141867,56052.84055406797,56023.69361742621,0,3
786236952,7,.3,128,500,75552.75337487142,75570.75337487142,75652.3531201325,75573.02355000317,75581.16630141903,75575.59615490933,0,3
143117204,1,0,32,500,19593.50767532963,19611.50767532963,19680.63077134062,19608.51274226805,19603.19591409941,19611.12856895999,0,3
446457764,2,.1,32,500,19392.24036297272,19410.24036297272,19479.36345898372,19410.84077665643,19412.90028466604,19455.80821622783,0,3
508442802,3,.3,32,500,19657.21968296695,19675.21968296695,19744.34277897794,19692.37937679673,19764.30209061511,19824.1825482096,0,3
826317641,4,.5,32,500,19724.08546059349,19742.08546059349,19811.20855660448,19731.0881934492,19924.46808821335,19974.97452205798,0,3
818398585,5,.3,64,500,37488.99876529258,37506.99876529258,37582.36018592861,37508.20944790353,37553.1120346269,37583.95615875239,0,3
911670252,6,.3,96,500,57005.99362049202,57023.99362049202,57103.00422710102,57011.27663060997,57126.54102551853,57074.55666049883,0,3
825246189,7,.3,128,500,75525.37672376759,75543.37672376759,75624.97646902867,75548.61601271181,75632.93346380716,75599.46510773213,0,3
547110933,1,0,32,500,19657.80332209279,19675.80332209279,19744.92641810378,19682.14620361279,19671.10616418592,19683.33580821334,0,3
737725390,2,.1,32,500,19510.31511077365,19528.31511077365,19597.43820678464,19528.86326062599,19567.43000253102,19561.70178122545,0,3
225575032,3,.3,32,500,19700.37957771108,19718.37957771108,19787.50267372208,19713.65307971905,19737.74013181252,19733.45583461287,0,3
737588913,4,.5,32,500,19257.95492384466,19275.95492384466,19345.07801985565,19276.45443202164,19519.31541913897,19616.71023244396,0,3
225220355,5,.3,64,500,38070.37253105472,38088.37253105472,38163.73395169076,38083.93066626877,38269.14817906508,38323.61666412229,0,3
247738461,6,.3,96,500,57130.69066028242,57148.69066028242,57227.70126689143,57149.396285652,57317.6841988795,57332.85219911076,0,3
162215017,7,.3,128,500,75522.43715411749,75540.43715411749,75622.03689937857,75535.31493281943,75546.96139175826,75544.07087721727,0,3
466952821,1,0,32,500,19133.34048096892,19151.34048096892,19220.46357697992,19156.64113202692,19152.65296780135,19160.84943392314,0,3
32979905,2,.1,32,500,19144.27092023096,19162.27092023096,19231.39401624195,19168.88866789494,19154.89577797555,19162.09006791313,0,3
694540271,3,.3,32,500,19046.55711389913,19064.55711389913,19133.68020991013,19054.2599895499,19154.15859393834,19158.2769886346,0,3
162800106,4,.5,32,500,19215.38484544897,19233.38484544897,19302.50794145997,19240.49458794046,19322.16842191038,19341.97601242252,0,3
640557920,5,.3,64,500,38644.96588227162,38662.96588227162,38738.32730290766,38657.71467073647,38752.66925792165,38747.56235985031,0,3
65357665,6,.3,96,500,57271.38944470941,57289.38944470941,57368.40005131842,57300.95016892235,57321.13658909918,57350.19656068326,0,3
14917856,7,.3,128,500,76054.8064386222,76072.8064386222,76154.40618388327,76058.85617011011,76178.40283267973,76186.51912074542,0,3
672620649,1,0,32,500,19433.16317529569,19451.16317529569,19520.28627130668,19446.15839438724,19443.18962961381,19440.46391873769,0,3
118966597,2,.1,32,500,19595.37209488218,19613.37209488218,19682.49519089318,19609.03094872272,19606.99414503596,19604.88453096412,0,3
480008592,3,.3,32,500,19158.56155290826,19176.56155290826,19245.68464891925,19171.25865977585,19226.27174751612,19281.50659381706,0,3
626531722,4,.5,32,500,19463.75031911331,19481.75031911331,19550.87341512431,19481.62043503394,19834.92432923284,20001.70944455615,0,3
810138683,5,.3,64,500,37980.26165477868,37998.26165477868,38073.62307541471,37998.32445684705,38016.50805923308,38041.64758061301,0,3
823084294,6,.3,96,500,56915.53268801409,56933.53268801409,57012.5432946231,56937.38562887453,57157.7281262035,57195.98964736336,0,3
685603921,7,.3,128,500,74490.41766288207,74508.41766288207,74590.01740814315,74502.69362818259,74615.02927382653,74605.31833960323,0,3
135274866,1,0,32,500,19640.41411247981,19658.41411247981,19727.53720849081,19659.5798206693,19664.47526120826,19658.18947360882,0,3
21862459,2,.1,32,500,19409.04041614058,19427.04041614058,19496.16351215158,19435.90265758547,19427.67502223324,19466.51708102837,0,3
411992765,3,.3,32,500,19529.06952815853,19547.06952815853,19616.19262416952,19542.64225573517,19614.06225455077,19586.62953442601,0,3
93113249,4,.5,32,500,19842.11477040874,19860.11477040874,19929.23786641974,19857.94552502495,20296.61097725348,20332.27292321532,0,3
495534941,5,.3,64,500,38211.52002237785,38229.52002237785,38304.88144301388,38228.5214617851,38284.65099467674,38264.21523283118,0,3
129024067,6,.3,96,500,56164.51756907815,56182.51756907815,56261.52817568716,56182.09299950818,56239.65452872848,56254.24629183757,0,3
774609226,7,.3,128,500,75394.1440614905,75412.1440614905,75493.74380675158,75404.65358172891,75542.1941557782,75518.77685210777,0,3
473473588,1,0,32,500,19038.88245365239,19056.88245365239,19126.00554966338,19058.40331907613,19048.36393871406,19048.53960460716,0,3
152802756,2,.1,32,500,19044.75254314453,19062.75254314453,19131.87563915552,19065.20322340066,19064.86802363994,19069.17914527534,0,3
469854659,3,.3,32,500,19166.07778949509,19184.07778949509,19253.20088550609,19177.38261553491,19258.91848914868,19310.93670822615,0,3
221125782,4,.5,32,500,19585.08225602032,19603.08225602032,19672.20535203132,19613.20422830892,19727.39092948585,19704.72038320421,0,3
896806649,5,.3,64,500,37874.93770564004,37892.93770564004,37968.29912627608,37886.53470159742,37912.92422776487,37896.37924177429,0,3
525020638,6,.3,96,500,56155.12556756305,56173.12556756305,56252.13617417206,56171.08595259992,56209.71621527046,56201.70784551471,0,3
645348048,7,.3,128,500,74539.50039956349,74557.50039956349,74639.10014482457,74549.09055869137,74592.22857646144,74563.28297233368,0,3
321050809,1,0,32,500,18894.8731995129,18912.8731995129,18981.9962955239,18928.76257032608,18900.02727427716,18926.67484340474,0,3
719395339,2,.1,32,500,19406.82053172471,19424.82053172471,19493.94362773571,19420.77755827996,19430.60738454915,19424.31492797011,0,3
680148732,3,.3,32,500,19086.71879639616,19104.71879639616,19173.84189240715,19101.60347256849,19217.28215134047,19176.48651607622,0,3
305265132,4,.5,32,500,19226.9075205673,19244.9075205673,19314.0306165783,19241.87700761849,19420.03196143996,19366.80981548189,0,3
990912312,5,.3,64,500,38150.76596498254,38168.76596498254,38244.12738561858,38161.13843392748,38176.00620612995,38169.53105856214,0,3
339277652,6,.3,96,500,56066.25314356179,56084.25314356179,56163.2637501708,56082.82169477193,56228.55448415125,56229.54534733937,0,3
298697821,7,.3,128,500,74646.24134286249,74664.24134286249,74745.84108812356,74663.2889166738,74714.94563609759,74702.71249871806,0,3
475822929,1,0,32,500,19228.14056650737,19246.14056650737,19315.26366251837,19244.24615382699,19234.02402497359,19235.70363526229,0,3
715222210,2,.1,32,500,19475.07836217494,19493.07836217494,19562.20145818594,19505.60209565947,19497.78877521022,19508.78985945815,0,3
361668528,3,.3,32,500,19662.16825627359,19680.16825627359,19749.29135228459,19681.96450361118,19708.81361671092,19728.27285850809,0,3
83506988,4,.5,32,500,19300.46380933246,19318.46380933246,19387.58690534345,19312.73056536478,19767.08529847779,19859.1129383157,0,3
520094795,5,.3,64,500,38542.3064897801,38560.3064897801,38635.66791041614,38552.39951344577,38702.4959525547,38645.19877217821,0,3
9747386,6,.3,96,500,57980.84272914665,57998.84272914665,58077.85333575566,58016.18926325018,58050.69067108246,58041.108888852,0,3
872373630,7,.3,128,500,75615.82450897491,75633.82450897491,75715.42425423599,75635.70913015478,75636.79898118565,75637.75745685109,0,3
64451515,1,0,32,500,18939.23339890134,18957.23339890134,19026.35649491234,18950.59972620639,18954.87427925879,18959.16908525319,0,3
177379035,2,.1,32,500,19621.34795415225,19639.34795415225,19708.47105016325,19647.83606699734,19654.58792457821,19651.82727062302,0,3
314332597,3,.3,32,500,19544.55563838657,19562.55563838657,19631.67873439757,19559.58063442171,19633.6971989284,19670.98228467681,0,3
618007036,4,.5,32,500,19492.15503263407,19510.15503263407,19579.27812864506,19497.40135667623,19709.19294934139,19728.56026184815,0,3
324444566,5,.3,64,500,38466.60337814241,38484.60337814241,38559.96479877844,38473.35602338469,38518.66852429301,38519.35034162082,0,3
251733554,6,.3,96,500,56609.29627083376,56627.29627083376,56706.30687744277,56632.70381381549,56668.00875407024,56666.14883266404,0,3
104578266,7,.3,128,500,75790.03782092496,75808.03782092496,75889.63756618604,75804.60624165004,75833.09990179559,75834.66572742647,0,3
753455480,1,0,32,500,19011.64980192613,19029.64980192613,19098.77289793712,19021.50158843172,19034.58875614642,19030.07487446033,0,3
284727611,2,.1,32,500,19485.19273182925,19503.19273182925,19572.31582784024,19520.77477009121,19490.79130293068,19507.41590484461,0,3
270802404,3,.3,32,500,19815.51710463585,19833.51710463585,19902.64020064684,19829.43165329401,19879.68367269094,19908.20997815862,0,3
821593205,4,.5,32,500,19355.33969274323,19373.33969274323,19442.46278875423,19389.75841032645,19763.40746814792,19701.18308636679,0,3
795342778,5,.3,64,500,38632.55423595148,38650.55423595148,38725.91565658752,38645.11525581636,38706.08542654277,38701.97460373854,0,3
828681322,6,.3,96,500,57996.07887984573,58014.07887984573,58093.08948645474,58004.04925018854,58122.14400272597,58139.13270646228,0,3
501325374,7,.3,128,500,76081.69991455913,76099.69991455913,76181.2996598202,76098.504686553,76141.91477045709,76127.78467551737,0,3
851154629,1,0,32,500,19401.99233275488,19419.99233275488,19489.11542876587,19407.5930806389,19413.21289557407,19409.0030891866,0,3
732354604,2,.1,32,500,19255.49239877464,19273.49239877464,19342.61549478564,19271.6556321799,19292.09084740485,19294.20504924238,0,3
27752078,3,.3,32,500,19435.12911275659,19453.12911275659,19522.25220876758,19448.38093483755,19496.8567464436,19487.88374019478,0,3
96551692,4,.5,32,500,19514.28147468773,19532.28147468773,19601.40457069872,19532.7565299259,19655.63012078095,19644.69684154843,0,3
636948048,5,.3,64,500,38058.27130863196,38076.27130863196,38151.632729268,38062.03458835531,38206.80598868118,38180.38155145153,0,3
474534317,6,.3,96,500,56472.6974962602,56490.6974962602,56569.70810286921,56499.89526059572,56504.6166339672,56515.15503597306,0,3
172307738,7,.3,128,500,75463.20253893371,75481.20253893371,75562.80228419478,75478.47239665374,75562.3840581953,75546.82906314985,0,3
503005316,1,0,32,500,19591.72560486564,19609.72560486564,19678.84870087663,19608.5270973262,19595.40441643376,19610.47933785894,0,3
344668727,2,.1,32,500,19356.73635216166,19374.73635216166,19443.85944817266,19378.92687557483,19375.82953836783,19378.30191842258,0,3
137669280,3,.3,32,500,19057.24974719873,19075.24974719873,19144.37284320972,19082.17190072281,19134.76173733277,19173.64700152256,0,3
568198702,4,.5,32,500,18940.6395247331,18958.6395247331,19027.7626207441,18963.68395979545,19297.19257771452,19263.81360493866,0,3
620409394,5,.3,64,500,38264.19957923086,38282.19957923086,38357.5609998669,38273.22778863837,38377.62731911137,38354.26343997915,0,3
981258391,6,.3,96,500,57102.59948336591,57120.59948336591,57199.61008997491,57111.3014724276,57178.64386345141,57199.66922163178,0,3
202761356,7,.3,128,500,74793.51738465035,74811.51738465035,74893.11712991142,74818.8372295536,74841.65105665891,74846.57080434066,0,3
899597006,1,0,32,500,19293.95385304171,19311.95385304171,19381.0769490527,19307.67910983195,19303.91258921576,19314.46132558275,0,3
963724625,2,.1,32,500,19312.39411061268,19330.39411061268,19399.51720662367,19329.3451605937,19347.55218489284,19327.7524274469,0,3
493805360,3,.3,32,500,19613.21109068459,19631.21109068459,19700.33418669559,19623.93708913008,19831.52788536898,19800.10570352785,0,3
560209647,4,.5,32,500,19567.49089262082,19585.49089262082,19654.61398863181,19583.39874021913,19866.80828682797,19837.92823937366,0,3
392953486,5,.3,64,500,38288.28630061902,38306.28630061902,38381.64772125506,38293.50305697687,38322.24236939968,38351.89776201349,0,3
68881669,6,.3,96,500,57177.66740904185,57195.66740904185,57274.67801565086,57196.60113882992,57285.74414434675,57288.85173191697,0,3
986337066,7,.3,128,500,75491.52895143787,75509.52895143787,75591.12869669894,75520.02373331791,75519.48959021752,75544.97607052454,0,3
821773400,1,0,32,500,19289.61137521813,19307.61137521813,19376.73447122912,19308.06437928834,19308.01019232464,19316.77777745449,0,3
523021902,2,.1,32,500,18923.18505346504,18941.18505346504,19010.30814947604,18943.09026292096,18943.42216192412,18969.46213862588,0,3
398654489,3,.3,32,500,19368.34238260631,19386.34238260631,19455.46547861731,19389.83092704188,19476.54587042246,19449.69896996844,0,3
53131763,4,.5,32,500,19485.24421263454,19503.24421263454,19572.36730864554,19501.78564116217,19618.95799007541,19623.67391326585,0,3
533029121,5,.3,64,500,38522.88736939834,38540.88736939834,38616.24879003438,38544.53806732487,38654.8113867146,38616.63177446168,0,3
411996865,6,.3,96,500,57882.92586688315,57900.92586688315,57979.93647349216,57893.61791332292,57912.27391555911,57910.03925419814,0,3
639131092,7,.3,128,500,75255.6949498734,75273.6949498734,75355.29469513448,75271.06405816012,75386.3784535017,75397.69733088397,0,3
445074434,1,0,32,500,19309.94678445346,19327.94678445346,19397.06988046446,19333.21766911978,19323.88689086663,19321.87639470138,0,3
860015676,2,.1,32,500,19298.77394637579,19316.77394637579,19385.89704238678,19311.45061370207,19330.77015221578,19339.78060422867,0,3
521428817,3,.3,32,500,19251.60253737386,19269.60253737386,19338.72563338486,19264.73650756359,19483.80634122376,19528.35713193347,0,3
482392922,4,.5,32,500,19412.98463026571,19430.98463026571,19500.10772627671,19431.68314912678,19717.80051673646,19745.66795119223,0,3
695463890,5,.3,64,500,37924.88312487435,37942.88312487435,38018.24454551039,37943.01990135221,37991.48852794064,37982.65016814751,0,3
621505009,6,.3,96,500,56626.71376556643,56644.71376556643,56723.72437217544,56643.70034807617,56841.81688567712,56815.44184060295,0,3
525807966,7,.3,128,500,75216.24241722758,75234.24241722758,75315.84216248865,75237.93300480122,75277.95523738186,75305.17661590807,0,3
734109536,1,0,32,500,19086.5354982671,19104.5354982671,19173.6585942781,19111.12062762165,19102.29229956239,19106.78630757448,0,3
425735793,2,.1,32,500,19337.36592116219,19355.36592116219,19424.48901717318,19349.33047500619,19354.0805997521,19363.80862914904,0,3
206268054,3,.3,32,500,19325.08270943876,19343.08270943876,19412.20580544975,19333.60026775417,19474.30329200572,19449.16888666535,0,3
647662787,4,.5,32,500,19419.88420008758,19437.88420008758,19507.00729609857,19429.73366369457,19555.5017458417,19572.7567645008,0,3
454093405,5,.3,64,500,38016.7359400516,38034.7359400516,38110.09736068764,38040.20221133989,38073.93325376435,38098.08602970369,0,3
861472909,6,.3,96,500,55723.18193057477,55741.18193057477,55820.19253718378,55754.45882810614,55849.93696851053,55878.62929791466,0,3
702764965,7,.3,128,500,76061.34344832084,76079.34344832084,76160.94319358192,76098.67444540345,76199.96917525645,76183.85734290822,0,3
453337562,1,0,32,500,19063.13330755122,19081.13330755122,19150.25640356222,19078.27057701107,19066.57975944276,19079.44595167789,0,3
258482530,2,.1,32,500,19019.93754845681,19037.93754845681,19107.06064446781,19041.81740995542,19032.34307170133,19039.61850573281,0,3
126510219,3,.3,32,500,19473.40978088357,19491.40978088357,19560.53287689457,19491.56324373632,19530.97171490766,19529.11121180623,0,3
358594121,4,.5,32,500,19278.16657483112,19296.16657483112,19365.28967084211,19292.12231061874,19825.13413979819,19805.91858005092,0,3
513534866,5,.3,64,500,38257.23055197056,38275.23055197056,38350.59197260659,38269.86521341412,38331.74768647608,38348.25671116899,0,3
630694699,6,.3,96,500,55623.8416512659,55641.8416512659,55720.8522578749,55663.94951095019,55712.24537194834,55711.26140620777,0,3
146805051,7,.3,128,500,73607.61089410479,73625.61089410479,73707.21063936586,73630.51430992683,73812.89280970894,73853.7614274198,0,3
332375334,1,0,32,500,19456.5238944288,19474.5238944288,19543.6469904398,19468.66241371098,19463.61376842843,19471.78201379195,0,3
542233851,2,.1,32,500,19480.2651595303,19498.2651595303,19567.3882555413,19492.03661878757,19497.09762951512,19499.368398256,0,3
557189832,3,.3,32,500,19696.52030592372,19714.52030592372,19783.64340193471,19708.14191553098,19747.47480786615,19760.39852151047,0,3
414018591,4,.5,32,500,19599.69678072815,19617.69678072815,19686.81987673915,19609.41751314536,19770.08339536985,19744.7399267385,0,3
553044872,5,.3,64,500,38159.85073713389,38177.85073713389,38253.21215776992,38192.14045950717,38202.81753421517,38203.28469687265,0,3
129206501,6,.3,96,500,58228.9401378282,58246.9401378282,58325.95074443721,58234.42652111229,58354.05365910364,58402.84489188778,0,3
339134773,7,.3,128,500,73882.49034882619,73900.49034882619,73982.09009408727,73920.16111108958,73904.34445209878,73933.59026345988,0,3
105095300,1,0,32,500,19523.9106895234,19541.9106895234,19611.0337855344,19543.12593442484,19538.92967826675,19535.84486499734,0,3
972440898,2,.1,32,500,19394.18499697223,19412.18499697223,19481.30809298323,19407.08181853471,19403.68561189323,19407.7104028385,0,3
567562674,3,.3,32,500,19082.40557137254,19100.40557137254,19169.52866738353,19097.54729915542,19232.39643365624,19190.74341049159,0,3
450168079,4,.5,32,500,19488.93835909557,19506.93835909557,19576.06145510656,19512.94968082391,19750.48857156079,19684.50272726737,0,3
634200815,5,.3,64,500,37836.36798583726,37854.36798583726,37929.72940647329,37846.58133126714,37903.66526046918,37894.14079432159,0,3
251259656,6,.3,96,500,56994.46208731829,57012.46208731829,57091.4726939273,57004.17861341166,57125.60456889301,57153.15564379043,0,3
659301155,7,.3,128,500,75475.80845929227,75493.80845929227,75575.40820455334,75486.04934984546,75488.93162460841,75487.67587712391,0,3
646316491,1,0,32,500,19371.20183052711,19389.20183052711,19458.3249265381,19397.62792856833,19381.14708270769,19387.23375873203,0,3
821061075,2,.1,32,500,19340.72509009374,19358.72509009374,19427.84818610474,19357.17773794492,19397.83053520986,19382.2265214334,0,3
226629440,3,.3,32,500,18976.23744591812,18994.23744591812,19063.36054192912,18997.81073426569,19135.03721503474,19140.83463188326,0,3
578075874,4,.5,32,500,19541.25068837736,19559.25068837736,19628.37378438836,19551.29118286338,19643.9326548753,19674.87523921997,0,3
10950373,5,.3,64,500,38086.08631556132,38104.08631556132,38179.44773619736,38097.95038319738,38152.49337381983,38195.46650878484,0,3
88906868,6,.3,96,500,57648.02768247046,57666.02768247046,57745.03828907946,57675.20780522866,57725.16530705288,57701.04107020477,0,3
336575555,7,.3,128,500,75762.31726915861,75780.31726915861,75861.91701441968,75768.80894503361,75948.74767910654,75959.47272403416,0,3
602624828,1,0,32,500,19191.26723745863,19209.26723745863,19278.39033346962,19209.03548736818,19201.22075554865,19209.79474956381,0,3
161254769,2,.1,32,500,18878.47143159276,18896.47143159276,18965.59452760376,18903.52534604705,18894.88350440687,18904.12149087336,0,3
312027604,3,.3,32,500,19648.74603900233,19666.74603900233,19735.86913501333,19664.51608768573,19673.14767297967,19699.93512348022,0,3
224646349,4,.5,32,500,19466.13761278082,19484.13761278082,19553.26070879182,19499.83709671633,19771.913368303,19813.5830983105,0,3
671523311,5,.3,64,500,37743.19651383111,37761.19651383111,37836.55793446714,37755.88953954948,38014.7053562733,37960.10860863044,0,3
185031770,6,.3,96,500,55974.40932986534,55992.40932986534,56071.41993647435,55990.08398609694,56036.82347425956,56048.41223520531,0,3
798812459,7,.3,128,500,75625.33145403944,75643.33145403944,75724.93119930051,75630.28191939031,75691.14154515442,75714.92108145586,0,3
304860848,1,0,32,500,19128.69981633913,19146.69981633913,19215.82291235012,19152.72695533719,19146.28352257283,19144.30813575974,0,3
171315069,2,.1,32,500,18977.98604891944,18995.98604891944,19065.10914493043,18988.83746406703,18993.25816712332,19002.22709985462,0,3
335581571,3,.3,32,500,19406.94422183626,19424.94422183626,19494.06731784726,19421.61918248466,19442.2996253214,19440.94387244253,0,3
567313131,4,.5,32,500,19566.09697550912,19584.09697550912,19653.22007152011,19575.42367460531,19691.79364108223,19721.70918021879,0,3
294258337,5,.3,64,500,38211.69890496496,38229.69890496496,38305.060325601,38227.14583878555,38227.0519940405,38229.77366666327,0,3
84334902,6,.3,96,500,57033.00108738858,57051.00108738858,57130.01169399759,57041.05414178452,57223.78567166235,57205.29871951854,0,3
681299136,7,.3,128,500,75226.36860211028,75244.36860211028,75325.96834737135,75237.43799016751,75306.62137473618,75289.58501346578,0,3
163765078,1,0,32,500,19149.73148295991,19167.73148295991,19236.8545789709,19180.48684315997,19155.4655427366,19167.07651991183,0,3
521312206,2,.1,32,500,19356.58665332465,19374.58665332465,19443.70974933565,19374.36384565538,19388.39876578461,19395.05892884245,0,3
309021680,3,.3,32,500,18966.81207772923,18984.81207772923,19053.93517374023,18976.4723209206,18990.63398541091,18991.0163594193,0,3
747113032,4,.5,32,500,19042.06377746154,19060.06377746154,19129.18687347254,19065.3342105217,19226.24532855632,19278.26412441074,0,3
280355927,5,.3,64,500,38796.81954302997,38814.81954302997,38890.180963666,38825.12825805716,38909.50289243787,38878.23415852067,0,3
762305836,6,.3,96,500,57764.83867167198,57782.83867167198,57861.84927828098,57775.91437279375,57772.31083116077,57790.35360925047,0,3
560484571,7,.3,128,500,76029.05399905695,76047.05399905695,76128.65374431803,76032.62828959052,76058.66366876438,76107.15018434222,0,3
492962824,1,0,32,500,19508.21288249141,19526.21288249141,19595.33597850241,19533.53610880575,19531.76992271244,19524.92918280092,0,3
669654387,2,.1,32,500,19488.74566309808,19506.74566309808,19575.86875910908,19503.80952974144,19508.84808811416,19519.61518602181,0,3
174539357,3,.3,32,500,19150.20711704889,19168.20711704889,19237.33021305988,19178.42254598631,19276.62897358984,19333.63026192437,0,3
719972936,4,.5,32,500,19585.69050245917,19603.69050245917,19672.81359847017,19596.7011785158,20193.99204471801,20120.77838789643,0,3
52681156,5,.3,64,500,37400.69396843645,37418.69396843645,37494.05538907248,37405.43081542055,37442.51161552093,37419.55037406703,0,3
421128117,6,.3,96,500,57057.34682993653,57075.34682993653,57154.35743654554,57069.53523959173,57152.68204208518,57168.15827815142,0,3
37422437,7,.3,128,500,75640.79690313568,75658.79690313568,75740.39664839675,75660.88642557572,75693.10392856166,75694.50394215426,0,3
952785992,1,0,32,500,19243.49945964588,19261.49945964588,19330.62255565687,19258.36897418965,19268.85763449808,19259.92661515784,0,3
111834116,2,.1,32,500,19402.52931157204,19420.52931157204,19489.65240758304,19414.06664293425,19414.51302337741,19433.86728227238,0,3
561754228,3,.3,32,500,19309.57465204029,19327.57465204029,19396.69774805128,19326.39881736986,19451.52718783041,19445.26270379599,0,3
418223549,4,.5,32,500,19269.31906712946,19287.31906712946,19356.44216314046,19286.27014004972,19547.94089569428,19537.16757696918,0,3
707558686,5,.3,64,500,38435.81105842935,38453.81105842935,38529.17247906538,38442.78341209283,38520.00159998123,38482.80870486614,0,3
638125786,6,.3,96,500,57149.24879125238,57167.24879125238,57246.25939786139,57164.96971973075,57267.00185853223,57294.03015562605,0,3
929625946,7,.3,128,500,76344.82994711996,76362.82994711996,76444.42969238103,76354.94707240447,76389.68998591905,76381.99457456684,0,3
682641084,1,0,32,500,19387.14401749819,19405.14401749819,19474.26711350919,19401.78148160847,19395.53578299963,19400.39702634418,0,3
741859461,2,.1,32,500,19367.56521119887,19385.56521119887,19454.68830720987,19400.42240659363,19392.30080408966,19380.45016540261,0,3
870877942,3,.3,32,500,19268.69220063186,19286.69220063186,19355.81529664286,19276.15533344325,19294.22701141117,19291.72570109932,0,3
60613888,4,.5,32,500,18984.65773895459,19002.65773895459,19071.78083496559,18996.42061961493,19479.01928013732,19412.9302624526,0,3
243325198,5,.3,64,500,38295.72809515624,38313.72809515624,38389.08951579227,38313.0671274666,38356.67074625534,38325.21647852749,0,3
809271693,6,.3,96,500,57168.94403921012,57186.94403921012,57265.95464581913,57189.25546420609,57237.38529073281,57217.67481956595,0,3
208125896,7,.3,128,500,76009.58448182789,76027.58448182789,76109.18422708896,76020.50964035452,76179.57492442391,76173.34199484944,0,3
300277940,1,0,32,500,19361.29975731076,19379.29975731076,19448.42285332176,19377.12872974928,19364.43195786929,19368.78445218752,0,3
208644641,2,.1,32,500,19590.88512653802,19608.88512653802,19678.00822254902,19603.06502581718,19624.4025248046,19606.0656078582,0,3
932843862,3,.3,32,500,19678.31995643992,19696.31995643992,19765.44305245092,19697.61215144578,19918.51363407134,19880.89572156856,0,3
632715611,4,.5,32,500,19589.84663162407,19607.84663162407,19676.96972763506,19600.69260746108,19920.48571287677,19852.98550327029,0,3
43363508,5,.3,64,500,37875.72007522162,37893.72007522162,37969.08149585766,37889.84514055733,37937.32634909915,37909.97821479184,0,3
247441444,6,.3,96,500,56584.63449753699,56602.63449753699,56681.645104146,56606.27526039512,56694.71139849573,56696.13336759509,0,3
63465975,7,.3,128,500,75230.57236047809,75248.57236047809,75330.17210573917,75243.11033120692,75310.48185510654,75321.25353136653,0,3
638498410,1,0,32,500,19324.85484016645,19342.85484016645,19411.97793617745,19356.22219609293,19336.84643377167,19339.17608341734,0,3
208027212,2,.1,32,500,19062.57104277796,19080.57104277796,19149.69413878896,19067.81400608334,19094.48223556703,19103.5345909059,0,3
902399,3,.3,32,500,19499.54568688246,19517.54568688246,19586.66878289345,19512.51935267689,19602.5067307815,19608.43208039936,0,3
789810998,4,.5,32,500,19514.02068141869,19532.02068141869,19601.14377742969,19525.30833805156,19632.58870261423,19618.7793383995,0,3
390925961,5,.3,64,500,38854.14179644229,38872.14179644229,38947.50321707832,38873.81679295094,39034.90926447201,39023.78963030116,0,3
775173624,6,.3,96,500,57367.70851447827,57385.70851447827,57464.71912108728,57383.57821503101,57380.23159433613,57405.24531194745,0,3
45543267,7,.3,128,500,74712.05076220019,74730.05076220019,74811.65050746127,74733.27532856482,74769.50220582027,74780.60895998137,0,3
612413673,1,0,32,500,19231.84925246824,19249.84925246824,19318.97234847923,19250.77591443333,19250.36429143647,19249.74769141103,0,3
202555060,2,.1,32,500,19501.4003440311,19519.4003440311,19588.52344004209,19524.99779277233,19582.03123081072,19576.14215886485,0,3
91033045,3,.3,32,500,19202.59321023478,19220.59321023478,19289.71630624578,19216.6992863472,19313.63469853708,19311.74412416306,0,3
754505063,4,.5,32,500,19151.21168065972,19169.21168065972,19238.33477667071,19165.90161369761,19360.60253873969,19402.7941324,0,3
444504555,5,.3,64,500,38267.58330024922,38285.58330024922,38360.94472088525,38287.1674689584,38356.33825884137,38363.98875243946,0,3
39068749,6,.3,96,500,56275.44555174545,56293.44555174545,56372.45615835446,56297.52944453856,56314.83978206888,56320.20189331954,0,3
408263987,7,.3,128,500,76032.29346307639,76050.29346307639,76131.89320833747,76057.02304275372,76069.38057420764,76088.60993921429,0,3
323490155,1,0,32,500,18917.57256670723,18935.57256670723,19004.69566271823,18930.51766079644,18927.68969821891,18935.57031600526,0,3
313697187,2,.1,32,500,19301.68919093575,19319.68919093575,19388.81228694675,19315.89263516805,19319.6959049361,19328.02888781489,0,3
856492547,3,.3,32,500,19330.95431657324,19348.95431657324,19418.07741258424,19354.11066357752,19376.70157449896,19371.15166640206,0,3
604623215,4,.5,32,500,19602.83541885775,19620.83541885775,19689.95851486875,19652.42424789203,19822.81271086462,19858.097591644,0,3
364707329,5,.3,64,500,38413.46220354486,38431.46220354486,38506.82362418089,38422.75951714364,38447.71453410241,38445.5730693509,0,3
264035200,6,.3,96,500,57358.30714626567,57376.30714626567,57455.31775287468,57370.93498642453,57374.62195458885,57390.03516593284,0,3
522990143,7,.3,128,500,76286.18001676003,76304.18001676003,76385.77976202111,76298.64917835328,76406.25839701871,76482.28792812931,0,3
993963726,1,0,32,500,19421.28456689439,19439.28456689439,19508.40766290539,19444.22221043013,19441.95303309686,19440.49723010944,0,3
240251347,2,.1,32,500,19308.75241148433,19326.75241148433,19395.87550749532,19323.60801302973,19318.51102338186,19313.49846728729,0,3
686681210,3,.3,32,500,18869.95983292801,18887.95983292801,18957.08292893901,18890.90622023824,19025.75484247383,19069.40431012233,0,3
436897878,4,.5,32,500,19656.57597435079,19674.57597435079,19743.69907036179,19670.89526969982,19826.17706222422,19807.02199623773,0,3
364015652,5,.3,64,500,37752.2272343299,37770.2272343299,37845.58865496593,37781.3317327987,37823.59008442137,37808.26838670794,0,3
187488687,6,.3,96,500,56731.86146106233,56749.86146106233,56828.87206767134,56756.86479002579,56903.9591279653,56907.78071846351,0,3
978464910,7,.3,128,500,75562.33275402435,75580.33275402435,75661.93249928542,75580.87445610798,75620.53633335844,75632.45631971363,0,3
184845096,1,0,32,500,19070.34590635639,19088.34590635639,19157.46900236738,19090.51002798258,19081.70670507953,19095.74690971169,0,3
124894696,2,.1,32,500,19257.0735772722,19275.0735772722,19344.1966732832,19270.14073787177,19270.09577698748,19298.26426292282,0,3
184366303,3,.3,32,500,19491.60556408927,19509.60556408927,19578.72866010027,19506.26885661565,19540.24773106198,19558.98717021116,0,3
357398093,4,.5,32,500,19326.64816768398,19344.64816768398,19413.77126369498,19332.92452206578,19423.09812806238,19458.12538890781,0,3
101206298,5,.3,64,500,38239.18415043414,38257.18415043414,38332.54557107017,38252.11599814691,38443.51377274604,38477.51548951534,0,3
443352133,6,.3,96,500,56831.2883751195,56849.2883751195,56928.29898172851,56847.57048957121,56940.56878510143,56945.24245068343,0,3
311559605,7,.3,128,500,75316.38558459199,75334.38558459199,75415.98532985307,75329.48708967408,75491.73483603477,75488.4976745246,0,3
669334201,1,0,32,500,19388.79066524214,19406.79066524214,19475.91376125314,19398.77468411845,19408.62759859765,19397.51274981127,0,3
668666763,2,.1,32,500,19654.16355366067,19672.16355366067,19741.28664967167,19674.28728879323,19659.60878426554,19674.48760218815,0,3
441193312,3,.3,32,500,19213.18825167752,19231.18825167752,19300.31134768852,19230.012353771,19327.35552807717,19312.97595025109,0,3
109763819,4,.5,32,500,20182.2537983159,20200.2537983159,20269.3768943269,20204.95927156616,20620.64144819953,20616.04424787333,0,3
389019080,5,.3,64,500,37968.49146026413,37986.49146026413,38061.85288090017,37993.44768498377,38054.21069603888,38104.51411819254,0,3
485431675,6,.3,96,500,56791.42417815273,56809.42417815273,56888.43478476174,56797.6285747753,56949.40310934628,56939.82637209095,0,3
702685469,7,.3,128,500,75245.34747231407,75263.34747231407,75344.94721757514,75265.0675587399,75304.51890453226,75278.57608076341,0,3
543424267,1,0,32,500,19394.34151001519,19412.34151001519,19481.46460602618,19408.57397116308,19404.8524730216,19404.82353303912,0,3
288076513,2,.1,32,500,19373.61169808554,19391.61169808554,19460.73479409654,19383.62730647053,19377.79141372616,19402.29699077784,0,3
196742960,3,.3,32,500,19761.7279856014,19779.7279856014,19848.8510816124,19774.24044037378,19847.11568399995,19833.36156975729,0,3
878978268,4,.5,32,500,19648.96617903951,19666.96617903951,19736.08927505051,19653.12784849925,19854.93279604954,19862.49796180456,0,3
901756842,5,.3,64,500,37887.74068608873,37905.74068608873,37981.10210672476,37896.54447999401,38068.22898974673,38053.03474344067,0,3
743557661,6,.3,96,500,57364.76019626494,57382.76019626494,57461.77080287395,57394.6685061948,57465.96146984986,57517.33984997381,0,3
341309830,7,.3,128,500,75961.91118069201,75979.91118069201,76061.51092595309,75998.2603338231,76145.80399972665,76174.89818240338,0,3
534851022,1,0,32,500,18992.86835184713,19010.86835184713,19079.99144785812,19010.01406054604,19010.07528945098,19003.18035375617,0,3
773618630,2,.1,32,500,19457.832343947,19475.832343947,19544.95543995799,19467.05374671478,19467.58537989897,19484.21538185718,0,3
365762366,3,.3,32,500,19344.64631261516,19362.64631261516,19431.76940862616,19360.24109010998,19411.51487622042,19430.99737504808,0,3
506014867,4,.5,32,500,19405.82418458863,19423.82418458863,19492.94728059963,19416.75481187772,19477.55609145246,19513.13337169952,0,3
317708458,5,.3,64,500,38413.5725489684,38431.5725489684,38506.93396960443,38418.75380865903,38501.98882293839,38480.31887367157,0,3
568670191,6,.3,96,500,56984.55908591649,57002.55908591649,57081.5696925255,57002.19170504897,57033.38786799715,57034.23380341425,0,3
360572625,7,.3,128,500,75936.00970865486,75954.00970865486,76035.60945391594,75944.12794289134,75969.43045029162,75996.19408128203,0,3
882957969,1,0,32,500,19426.61676969238,19444.61676969238,19513.73986570338,19430.87490579909,19442.8164944998,19446.85639252448,0,3
319243637,2,.1,32,500,19780.56917613497,19798.56917613497,19867.69227214597,19796.56588646958,19799.51724847648,19796.69501222733,0,3
243257870,3,.3,32,500,19387.07499129373,19405.07499129373,19474.19808730473,19406.49889167718,19426.62839163229,19420.57581311976,0,3
420283606,4,.5,32,500,19435.3745244676,19453.3745244676,19522.49762047859,19463.94773868578,19605.66961056968,19645.40559231466,0,3
380466721,5,.3,64,500,38016.69925117959,38034.69925117959,38110.06067181563,38027.19598303731,38044.28659901923,38066.56358047052,0,3
732855535,6,.3,96,500,57185.69209382746,57203.69209382746,57282.70270043647,57205.8167430113,57253.63253918126,57243.60028086117,0,3
451110993,7,.3,128,500,75080.09652019617,75098.09652019617,75179.69626545724,75101.21705756609,75173.81988723733,75183.23288732232,0,3
619333662,1,0,32,500,18850.49032873445,18868.49032873445,18937.61342474545,18866.08990354634,18862.02688651814,18868.42105691818,0,3
840438019,2,.1,32,500,19262.50969442604,19280.50969442604,19349.63279043703,19301.07093047634,19297.55228862264,19315.67439172508,0,3
51215091,3,.3,32,500,19163.64623303656,19181.64623303656,19250.76932904755,19169.78143212873,19187.38116044493,19195.79953548457,0,3
8236369,4,.5,32,500,19417.78198369356,19435.78198369356,19504.90507970456,19433.88221617774,19634.18740433739,19643.40266868264,0,3
582735922,5,.3,64,500,38802.96293355968,38820.96293355968,38896.32435419571,38833.9062596732,38857.84666311091,38858.3168898852,0,3
874607863,6,.3,96,500,57029.84438658671,57047.84438658671,57126.85499319572,57063.95363543224,57186.0483117955,57244.34596798323,0,3
527273961,7,.3,128,500,75782.97871354576,75800.97871354576,75882.57845880684,75804.65419400466,75934.37579481228,75920.18714855706,0,3
808969705,1,0,32,500,19117.67922341943,19135.67922341943,19204.80231943043,19152.57790740893,19140.90082872025,19142.13273328434,0,3
992430177,2,.1,32,500,19371.11998032714,19389.11998032714,19458.24307633814,19395.45144624238,19398.58892737823,19408.29163982303,0,3
105983059,3,.3,32,500,19506.23300801649,19524.23300801649,19593.35610402749,19522.49507317399,19628.25163673808,19615.46578846464,0,3
913872696,4,.5,32,500,19416.97813051752,19434.97813051752,19504.10122652851,19434.65329553256,20110.96284127186,20122.41369951106,0,3
802964200,5,.3,64,500,37937.52665366996,37955.52665366996,38030.888074306,37951.88884412327,37989.58680021382,37983.4853432969,0,3
744070934,6,.3,96,500,57893.55718021105,57911.55718021105,57990.56778682006,57902.48507261353,57967.15561766472,58006.54024602643,0,3
397718286,7,.3,128,500,74459.12232778713,74477.12232778713,74558.72207304821,74476.4847657763,74557.91273332819,74546.67996693897,0,3
